id_str,from_user,text,created_at,time,geo_coordinates,user_lang,from_user_id_str,source,profile_image_url,user_followers_count,user_friends_count,status_url,entities_str
8.15E+17,realDonaldTrump,"TO ALL AMERICANS-#HappyNewYear &amp; many blessings to you all! Looking forward to a wonderful &amp; prosperous 2017 as weâ€_ https://t.co/1asdMAL4iy",Sun Jan 01 05:00:10 +0000 2017,1/1/2017 0:00,,en,25073877,"<a href=""http://twitter.com/download/iphone"" rel=""nofollow"">Twitter for iPhone</a>",http://pbs.twimg.com/profile_images/1980294624/DJT_Headshot_V2_normal.jpg,18309261,41,http://twitter.com/realDonaldTrump/statuses/815422340540547073,"{""hashtags"":[{""text"":""HappyNewYear"",""indices"":[18,31]}],""symbols"":[],""user_mentions"":[],""urls"":[{""url"":""https://t.co/1asdMAL4iy"",""expanded_url"":""https://twitter.com/i/web/status/815422340540547073"",""display_url"":""twitter.com/i/web/status/8â€_"",""indices"":[125,148]}]}"
8.15E+17,realDonaldTrump,"RT @DanScavino: On behalf of our next #POTUS &amp; @TeamTrump-#HappyNewYear AMERICA_Ÿ‡º_Ÿ‡¸https://t.co/Y6XDdijXeahttps://t.co/D8plL7xHqlhttps:â€_",Sun Jan 01 05:39:13 +0000 2017,1/1/2017 0:39,,en,25073877,"<a href=""http://twitter.com/download/iphone"" rel=""nofollow"">Twitter for iPhone</a>",http://pbs.twimg.com/profile_images/1980294624/DJT_Headshot_V2_normal.jpg,18313952,42,http://twitter.com/realDonaldTrump/statuses/815432169464197121,"{""hashtags"":[{""text"":""POTUS"",""indices"":[38,44]},{""text"":""HappyNewYear"",""indices"":[64,77]}],""symbols"":[],""user_mentions"":[{""screen_name"":""DanScavino"",""name"":""Dan Scavino Jr."",""id"":620571475,""id_str"":""620571475"",""indices"":[3,14]},{""screen_name"":""TeamTrump"",""name"":""Official Team Trump"",""id"":729676086632656900,""id_str"":""729676086632656900"",""indices"":[51,61]}],""urls"":[{""url"":""https://t.co/Y6XDdijXea"",""expanded_url"":""https://www.facebook.com/DonaldTrump/posts/10158392447835725:0"",""display_url"":""facebook.com/DonaldTrump/poâ€_"",""indices"":[89,112]},{""url"":""https://t.co/D8plL7xHql"",""expanded_url"":""https://instagram.com/p/BOtY8LhjsEM/"",""display_url"":""instagram.com/p/BOtY8LhjsEM/"",""indices"":[113,136]}]}"
8.15E+17,realDonaldTrump,RT @Reince: Happy New Year + God's blessings to you all.  Looking forward to incredible things in 2017!  @realDonaldTrump will Make Americaâ€_,Sun Jan 01 05:43:23 +0000 2017,1/1/2017 0:43,,en,25073877,"<a href=""http://twitter.com/download/iphone"" rel=""nofollow"">Twitter for iPhone</a>",http://pbs.twimg.com/profile_images/1980294624/DJT_Headshot_V2_normal.jpg,18313952,42,http://twitter.com/realDonaldTrump/statuses/815433217595547648,"{""hashtags"":[],""symbols"":[],""user_mentions"":[{""screen_name"":""Reince"",""name"":""Reince Priebus"",""id"":20733972,""id_str"":""20733972"",""indices"":[3,10]},{""screen_name"":""realDonaldTrump"",""name"":""Donald J. Trump"",""id"":25073877,""id_str"":""25073877"",""indices"":[105,121]}],""urls"":[]}"
8.15E+17,realDonaldTrump,RT @EricTrump: 2016 was such an incredible year for our entire family! My beautiful wife @LaraLeaTrump made it even better! _Ÿ‡º_Ÿ‡¸_Ÿ‡º_Ÿ‡¸ https://t.â€_,Sun Jan 01 05:44:17 +0000 2017,1/1/2017 0:44,,en,25073877,"<a href=""http://twitter.com/download/iphone"" rel=""nofollow"">Twitter for iPhone</a>",http://pbs.twimg.com/profile_images/1980294624/DJT_Headshot_V2_normal.jpg,18313952,42,http://twitter.com/realDonaldTrump/statuses/815433444591304704,"{""hashtags"":[],""symbols"":[],""user_mentions"":[{""screen_name"":""EricTrump"",""name"":""Eric Trump"",""id"":39349894,""id_str"":""39349894"",""indices"":[3,13]},{""screen_name"":""LaraLeaTrump"",""name"":""Lara Trump"",""id"":75541946,""id_str"":""75541946"",""indices"":[89,102]}],""urls"":[]}"
8.15E+17,realDonaldTrump,RT @DonaldJTrumpJr: Happy new year everyone. #newyear #family #vacation #familytime https://t.co/u9fJIKNoZq,Sun Jan 01 06:49:33 +0000 2017,1/1/2017 1:49,,en,25073877,"<a href=""http://twitter.com/download/iphone"" rel=""nofollow"">Twitter for iPhone</a>",http://pbs.twimg.com/profile_images/1980294624/DJT_Headshot_V2_normal.jpg,18316785,42,http://twitter.com/realDonaldTrump/statuses/815449868739211265,"{""hashtags"":[{""text"":""newyear"",""indices"":[45,53]},{""text"":""family"",""indices"":[54,61]},{""text"":""vacation"",""indices"":[62,71]},{""text"":""familytime"",""indices"":[72,83]}],""symbols"":[],""user_mentions"":[{""screen_name"":""DonaldJTrumpJr"",""name"":""Donald Trump Jr."",""id"":39344374,""id_str"":""39344374"",""indices"":[3,18]}],""urls"":[],""media"":[{""id"":815419531078336500,""id_str"":""815419531078336512"",""indices"":[84,107],""media_url"":""http://pbs.twimg.com/media/C1DzvkTXAAA-4dT.jpg"",""media_url_https"":""https://pbs.twimg.com/media/C1DzvkTXAAA-4dT.jpg"",""url"":""https://t.co/u9fJIKNoZq"",""display_url"":""pic.twitter.com/u9fJIKNoZq"",""expanded_url"":""https://twitter.com/DonaldJTrumpJr/status/815419542440648704/photo/1"",""type"":""photo"",""sizes"":{""large"":{""w"":768,""h"":1024,""resize"":""fit""},""small"":{""w"":510,""h"":680,""resize"":""fit""},""thumb"":{""w"":150,""h"":150,""resize"":""crop""},""medium"":{""w"":768,""h"":1024,""resize"":""fit""}},""source_status_id"":815419542440648700,""source_status_id_str"":""815419542440648704"",""source_user_id"":39344374,""source_user_id_str"":""39344374""}]}"
8.15E+17,realDonaldTrump,"RT @IvankaTrump: 2016 has been one of the most eventful and exciting years of my life. I wish you peace, joy, love and laughter. Happy Newâ€_",Sun Jan 01 06:49:49 +0000 2017,1/1/2017 1:49,,en,25073877,"<a href=""http://twitter.com/download/iphone"" rel=""nofollow"">Twitter for iPhone</a>",http://pbs.twimg.com/profile_images/1980294624/DJT_Headshot_V2_normal.jpg,18316785,42,http://twitter.com/realDonaldTrump/statuses/815449933453127681,"{""hashtags"":[],""symbols"":[],""user_mentions"":[{""screen_name"":""IvankaTrump"",""name"":""Ivanka Trump"",""id"":52544275,""id_str"":""52544275"",""indices"":[3,15]}],""urls"":[]}"
8.16E+17,realDonaldTrump,"Well, the New Year begins. We will, together, MAKE AMERICA GREAT AGAIN!",Mon Jan 02 14:40:10 +0000 2017,2/1/2017 9:40,,en,25073877,"<a href=""http://twitter.com/download/android"" rel=""nofollow"">Twitter for Android</a>",http://pbs.twimg.com/profile_images/1980294624/DJT_Headshot_V2_normal.jpg,18407125,42,http://twitter.com/realDonaldTrump/statuses/815930688889352192,"{""hashtags"":[],""symbols"":[],""user_mentions"":[],""urls"":[]}"
8.16E+17,realDonaldTrump,"Chicago murder rate is record setting - 4,331 shooting victims with 762 murders in 2016. If Mayor can't do it he must ask for Federal help!",Mon Jan 02 17:31:17 +0000 2017,2/1/2017 12:31,,en,25073877,"<a href=""http://twitter.com/download/android"" rel=""nofollow"">Twitter for Android</a>",http://pbs.twimg.com/profile_images/1980294624/DJT_Headshot_V2_normal.jpg,18417598,42,http://twitter.com/realDonaldTrump/statuses/815973752785793024,"{""hashtags"":[],""symbols"":[],""user_mentions"":[],""urls"":[]}"
8.16E+17,realDonaldTrump,"@CNN just released a book called ""Unprecedented"" which explores the 2016 race &amp; victory. Hope it does well but used worst cover photo of me!",Mon Jan 02 18:32:29 +0000 2017,2/1/2017 13:32,,en,25073877,"<a href=""http://twitter.com/download/android"" rel=""nofollow"">Twitter for Android</a>",http://pbs.twimg.com/profile_images/1980294624/DJT_Headshot_V2_normal.jpg,18421017,42,http://twitter.com/realDonaldTrump/statuses/815989154555297792,"{""hashtags"":[],""symbols"":[],""user_mentions"":[{""screen_name"":""CNN"",""name"":""CNN"",""id"":759251,""id_str"":""759251"",""indices"":[0,4]}],""urls"":[]}"
8.16E+17,realDonaldTrump,"Various media outlets and pundits say that I thought I was going to lose the election. Wrong, it all came together in the last week and.....",Mon Jan 02 18:37:10 +0000 2017,2/1/2017 13:37,,en,25073877,"<a href=""http://twitter.com/download/android"" rel=""nofollow"">Twitter for Android</a>",http://pbs.twimg.com/profile_images/1980294624/DJT_Headshot_V2_normal.jpg,18421017,42,http://twitter.com/realDonaldTrump/statuses/815990335318982656,"{""hashtags"":[],""symbols"":[],""user_mentions"":[],""urls"":[]}"
8.16E+17,realDonaldTrump,"I thought and felt I would win big, easily over the fabled 270 (306). When they cancelled fireworks, they knew, and so did I.",Mon Jan 02 18:44:04 +0000 2017,2/1/2017 13:44,,en,25073877,"<a href=""http://twitter.com/download/android"" rel=""nofollow"">Twitter for Android</a>",http://pbs.twimg.com/profile_images/1980294624/DJT_Headshot_V2_normal.jpg,18421017,42,http://twitter.com/realDonaldTrump/statuses/815992069412057088,"{""hashtags"":[],""symbols"":[],""user_mentions"":[],""urls"":[]}"
8.16E+17,realDonaldTrump,North Korea just stated that it is in the final stages of developing a nuclear weapon capable of reaching parts of the U.S. It won't happen!,Mon Jan 02 23:05:44 +0000 2017,2/1/2017 18:05,,en,25073877,"<a href=""http://twitter.com/download/android"" rel=""nofollow"">Twitter for Android</a>",http://pbs.twimg.com/profile_images/1980294624/DJT_Headshot_V2_normal.jpg,18434142,42,http://twitter.com/realDonaldTrump/statuses/816057920223846400,"{""hashtags"":[],""symbols"":[],""user_mentions"":[],""urls"":[]}"
8.16E+17,realDonaldTrump,"China has been taking out massive amounts of money &amp; wealth from the U.S. in totally one-sided trade, but won't help with North Korea. Nice!",Mon Jan 02 23:47:12 +0000 2017,2/1/2017 18:47,,en,25073877,"<a href=""http://twitter.com/download/android"" rel=""nofollow"">Twitter for Android</a>",http://pbs.twimg.com/profile_images/1980294624/DJT_Headshot_V2_normal.jpg,18438737,42,http://twitter.com/realDonaldTrump/statuses/816068355555815424,"{""hashtags"":[],""symbols"":[],""user_mentions"":[],""urls"":[]}"
8.16E+17,realDonaldTrump,General Motors is sending Mexican made model of Chevy Cruze to U.S. car dealers-tax free across border. Make in U.S.A.or pay big border tax!,Tue Jan 03 12:30:05 +0000 2017,3/1/2017 7:30,,en,25073877,"<a href=""http://twitter.com/download/android"" rel=""nofollow"">Twitter for Android</a>",http://pbs.twimg.com/profile_images/1980294624/DJT_Headshot_V2_normal.jpg,18479172,42,http://twitter.com/realDonaldTrump/statuses/816260343391514624,"{""hashtags"":[],""symbols"":[],""user_mentions"":[],""urls"":[]}"
8.16E+17,realDonaldTrump,"People must remember that ObamaCare just doesn't work, and it is not affordable - 116% increases (Arizona). Bill Clinton called it ""CRAZY""",Tue Jan 03 12:46:33 +0000 2017,3/1/2017 7:46,,en,25073877,"<a href=""http://twitter.com/download/android"" rel=""nofollow"">Twitter for Android</a>",http://pbs.twimg.com/profile_images/1980294624/DJT_Headshot_V2_normal.jpg,18479172,42,http://twitter.com/realDonaldTrump/statuses/816264484629184513,"{""hashtags"":[],""symbols"":[],""user_mentions"":[],""urls"":[]}"
8.16E+17,realDonaldTrump,"The Democrat Governor.of Minnesota said ""The Affordable Care Act (ObamaCare) is no longer affordable!"" - And, it is lousy healthcare.",Tue Jan 03 12:51:15 +0000 2017,3/1/2017 7:51,,en,25073877,"<a href=""http://twitter.com/download/android"" rel=""nofollow"">Twitter for Android</a>",http://pbs.twimg.com/profile_images/1980294624/DJT_Headshot_V2_normal.jpg,18479172,42,http://twitter.com/realDonaldTrump/statuses/816265668958031872,"{""hashtags"":[],""symbols"":[],""user_mentions"":[],""urls"":[]}"
8.16E+17,realDonaldTrump,"With all that Congress has to work on, do they really have to make the weakening of the Independent Ethics Watchdog, as unfair as it",Tue Jan 03 15:03:29 +0000 2017,3/1/2017 10:03,,en,25073877,"<a href=""http://twitter.com/download/android"" rel=""nofollow"">Twitter for Android</a>",http://pbs.twimg.com/profile_images/1980294624/DJT_Headshot_V2_normal.jpg,18487484,42,http://twitter.com/realDonaldTrump/statuses/816298944456232960,"{""hashtags"":[],""symbols"":[],""user_mentions"":[],""urls"":[]}"
8.16E+17,realDonaldTrump,"........may be, their number one act and priority. Focus on tax reform, healthcare and so many other things of far greater importance! #DTS",Tue Jan 03 15:07:41 +0000 2017,3/1/2017 10:07,,en,25073877,"<a href=""http://twitter.com/download/android"" rel=""nofollow"">Twitter for Android</a>",http://pbs.twimg.com/profile_images/1980294624/DJT_Headshot_V2_normal.jpg,18487484,42,http://twitter.com/realDonaldTrump/statuses/816300003442495488,"{""hashtags"":[{""text"":""DTS"",""indices"":[135,139]}],""symbols"":[],""user_mentions"":[],""urls"":[]}"
8.16E+17,realDonaldTrump,"""@DanScavino: Ford to scrap Mexico plant, invest in Michigan due to Trump policies""https://t.co/137nUo03Gl",Tue Jan 03 16:44:13 +0000 2017,3/1/2017 11:44,,en,25073877,"<a href=""http://twitter.com/download/iphone"" rel=""nofollow"">Twitter for iPhone</a>",http://pbs.twimg.com/profile_images/1980294624/DJT_Headshot_V2_normal.jpg,18498224,42,http://twitter.com/realDonaldTrump/statuses/816324295781740544,"{""hashtags"":[],""symbols"":[],""user_mentions"":[{""screen_name"":""DanScavino"",""name"":""Dan Scavino Jr."",""id"":620571475,""id_str"":""620571475"",""indices"":[1,12]}],""urls"":[{""url"":""https://t.co/137nUo03Gl"",""expanded_url"":""http://www.foxnews.com/politics/2017/01/03/ford-to-scrap-mexico-plant-invest-in-michigan-due-to-trump-policies.html"",""display_url"":""foxnews.com/politics/2017/â€_"",""indices"":[84,107]}]}"
8.16E+17,realDonaldTrump,"Instead of driving jobs and wealth away, AMERICA will become the world's great magnet for INNOVATION &amp; JOB CREATION.https://t.co/siXrptsOrt",Tue Jan 03 17:00:11 +0000 2017,3/1/2017 12:00,,en,25073877,"<a href=""http://twitter.com/download/iphone"" rel=""nofollow"">Twitter for iPhone</a>",http://pbs.twimg.com/profile_images/1980294624/DJT_Headshot_V2_normal.jpg,18498224,42,http://twitter.com/realDonaldTrump/statuses/816328314759606272,"{""hashtags"":[],""symbols"":[],""user_mentions"":[],""urls"":[{""url"":""https://t.co/siXrptsOrt"",""expanded_url"":""https://instagram.com/p/BOz0xbXD74D/"",""display_url"":""instagram.com/p/BOz0xbXD74D/"",""indices"":[121,144]}]}"
8.16E+17,realDonaldTrump,There should be no further releases from Gitmo. These are extremely dangerous people and should not be allowed back onto the battlefield.,Tue Jan 03 17:20:43 +0000 2017,3/1/2017 12:20,,en,25073877,"<a href=""http://twitter.com/download/android"" rel=""nofollow"">Twitter for Android</a>",http://pbs.twimg.com/profile_images/1980294624/DJT_Headshot_V2_normal.jpg,18504408,42,http://twitter.com/realDonaldTrump/statuses/816333480409833472,"{""hashtags"":[],""symbols"":[],""user_mentions"":[],""urls"":[]}"
8.16E+17,realDonaldTrump,"""Trump is already delivering the jobs he promised America"" https://t.co/11spTMa6Tm",Tue Jan 03 18:44:47 +0000 2017,3/1/2017 13:44,,en,25073877,"<a href=""http://twitter.com/download/iphone"" rel=""nofollow"">Twitter for iPhone</a>",http://pbs.twimg.com/profile_images/1980294624/DJT_Headshot_V2_normal.jpg,18511287,42,http://twitter.com/realDonaldTrump/statuses/816354639859871745,"{""hashtags"":[],""symbols"":[],""user_mentions"":[],""urls"":[{""url"":""https://t.co/11spTMa6Tm"",""expanded_url"":""http://nypost.com/2017/01/01/trump-is-already-delivering-the-jobs-he-promised-america/"",""display_url"":""nypost.com/2017/01/01/truâ€_"",""indices"":[59,82]}]}"
8.16E+17,realDonaldTrump,I will be having a general news conference on JANUARY ELEVENTH in N.Y.C. Thank you.,Tue Jan 03 23:58:31 +0000 2017,3/1/2017 18:58,,en,25073877,"<a href=""http://twitter.com/download/android"" rel=""nofollow"">Twitter for Android</a>",http://pbs.twimg.com/profile_images/1980294624/DJT_Headshot_V2_normal.jpg,18543843,42,http://twitter.com/realDonaldTrump/statuses/816433590892429312,"{""hashtags"":[],""symbols"":[],""user_mentions"":[],""urls"":[]}"
8.16E+17,realDonaldTrump,"The ""Intelligence"" briefing on so-called ""Russian hacking"" was delayed until Friday, perhaps more time needed to build a case. Very strange!",Wed Jan 04 01:14:52 +0000 2017,3/1/2017 20:14,,en,25073877,"<a href=""http://twitter.com/download/android"" rel=""nofollow"">Twitter for Android</a>",http://pbs.twimg.com/profile_images/1980294624/DJT_Headshot_V2_normal.jpg,18549091,42,http://twitter.com/realDonaldTrump/statuses/816452807024840704,"{""hashtags"":[],""symbols"":[],""user_mentions"":[],""urls"":[]}"
8.17E+17,realDonaldTrump,"Julian Assange said ""a 14 year old could have hacked Podesta"" - why was DNC so careless? Also said Russians did not give him the info!",Wed Jan 04 12:22:38 +0000 2017,4/1/2017 7:22,,en,25073877,"<a href=""http://twitter.com/download/android"" rel=""nofollow"">Twitter for Android</a>",http://pbs.twimg.com/profile_images/1980294624/DJT_Headshot_V2_normal.jpg,18594458,42,http://twitter.com/realDonaldTrump/statuses/816620855958601730,"{""hashtags"":[],""symbols"":[],""user_mentions"":[],""urls"":[]}"
8.17E+17,realDonaldTrump,"""@FoxNews: Julian Assange on U.S. media coverage: â€œItâ€™s very dishonest.â€ù #Hannity https://t.co/ADcPRQifH9"" More dishonest than anyone knows",Wed Jan 04 13:10:05 +0000 2017,4/1/2017 8:10,,en,25073877,"<a href=""http://twitter.com/download/android"" rel=""nofollow"">Twitter for Android</a>",http://pbs.twimg.com/profile_images/1980294624/DJT_Headshot_V2_normal.jpg,18594458,42,http://twitter.com/realDonaldTrump/statuses/816632793862176769,"{""hashtags"":[{""text"":""Hannity"",""indices"":[73,81]}],""symbols"":[],""user_mentions"":[{""screen_name"":""FoxNews"",""name"":""Fox News"",""id"":1367531,""id_str"":""1367531"",""indices"":[1,9]}],""urls"":[],""media"":[{""id"":816487318978601000,""id_str"":""816487318978600960"",""indices"":[82,105],""media_url"":""http://pbs.twimg.com/media/C1S-5ANUoAAmP59.jpg"",""media_url_https"":""https://pbs.twimg.com/media/C1S-5ANUoAAmP59.jpg"",""url"":""https://t.co/ADcPRQifH9"",""display_url"":""pic.twitter.com/ADcPRQifH9"",""expanded_url"":""https://twitter.com/FoxNews/status/816487325463183361/photo/1"",""type"":""photo"",""sizes"":{""medium"":{""w"":1200,""h"":675,""resize"":""fit""},""large"":{""w"":1280,""h"":720,""resize"":""fit""},""thumb"":{""w"":150,""h"":150,""resize"":""crop""},""small"":{""w"":680,""h"":383,""resize"":""fit""}},""source_status_id"":816487325463183400,""source_status_id_str"":""816487325463183361"",""source_user_id"":1367531,""source_user_id_str"":""1367531""}]}"
8.17E+17,realDonaldTrump,Thank you to Ford for scrapping a new plant in Mexico and creating 700 new jobs in the U.S. This is just the beginning - much more to follow,Wed Jan 04 13:19:09 +0000 2017,4/1/2017 8:19,,en,25073877,"<a href=""http://twitter.com/download/android"" rel=""nofollow"">Twitter for Android</a>",http://pbs.twimg.com/profile_images/1980294624/DJT_Headshot_V2_normal.jpg,18599907,42,http://twitter.com/realDonaldTrump/statuses/816635078067490816,"{""hashtags"":[],""symbols"":[],""user_mentions"":[],""urls"":[]}"
8.17E+17,realDonaldTrump,"Somebody hacked the DNC but why did they not have ""hacking defense"" like the RNC has and why have they not responded to the terrible......",Wed Jan 04 13:27:03 +0000 2017,4/1/2017 8:27,,en,25073877,"<a href=""http://twitter.com/download/android"" rel=""nofollow"">Twitter for Android</a>",http://pbs.twimg.com/profile_images/1980294624/DJT_Headshot_V2_normal.jpg,18599907,42,http://twitter.com/realDonaldTrump/statuses/816637064708030464,"{""hashtags"":[],""symbols"":[],""user_mentions"":[],""urls"":[]}"
8.17E+17,realDonaldTrump,"things they did and said (like giving the questions to the debate to H). A total double standard! Media, as usual, gave them a pass.",Wed Jan 04 13:31:32 +0000 2017,4/1/2017 8:31,,en,25073877,"<a href=""http://twitter.com/download/android"" rel=""nofollow"">Twitter for Android</a>",http://pbs.twimg.com/profile_images/1980294624/DJT_Headshot_V2_normal.jpg,18599907,42,http://twitter.com/realDonaldTrump/statuses/816638194468999169,"{""hashtags"":[],""symbols"":[],""user_mentions"":[],""urls"":[]}"
8.17E+17,realDonaldTrump,"Republicans must be careful in that the Dems own the failed ObamaCare disaster, with its poor coverage and massive premium increases......",Wed Jan 04 13:55:53 +0000 2017,4/1/2017 8:55,,en,25073877,"<a href=""http://twitter.com/download/android"" rel=""nofollow"">Twitter for Android</a>",http://pbs.twimg.com/profile_images/1980294624/DJT_Headshot_V2_normal.jpg,18599907,42,http://twitter.com/realDonaldTrump/statuses/816644321768312832,"{""hashtags"":[],""symbols"":[],""user_mentions"":[],""urls"":[]}"
8.17E+17,realDonaldTrump,"like the 116% hike in Arizona. Also, deductibles are so high that it is practically useless. Don't let the Schumer clowns out of this web...",Wed Jan 04 14:01:53 +0000 2017,4/1/2017 9:01,,en,25073877,"<a href=""http://twitter.com/download/android"" rel=""nofollow"">Twitter for Android</a>",http://pbs.twimg.com/profile_images/1980294624/DJT_Headshot_V2_normal.jpg,18599907,42,http://twitter.com/realDonaldTrump/statuses/816645831659061248,"{""hashtags"":[],""symbols"":[],""user_mentions"":[],""urls"":[]}"
8.17E+17,realDonaldTrump,massive increases of ObamaCare will take place this year and Dems are to blame for the mess. It will fall of its own weight - be careful!,Wed Jan 04 14:26:45 +0000 2017,4/1/2017 9:26,,en,25073877,"<a href=""http://twitter.com/download/android"" rel=""nofollow"">Twitter for Android</a>",http://pbs.twimg.com/profile_images/1980294624/DJT_Headshot_V2_normal.jpg,18606594,42,http://twitter.com/realDonaldTrump/statuses/816652088662958082,"{""hashtags"":[],""symbols"":[],""user_mentions"":[],""urls"":[]}"
8.17E+17,realDonaldTrump,"Jackie Evancho's album sales have skyrocketed after announcing her Inauguration performance.Some people just don't understand the ""Movement""",Wed Jan 04 18:52:09 +0000 2017,4/1/2017 13:52,,en,25073877,"<a href=""http://twitter.com"" rel=""nofollow"">Twitter Web Client</a>",http://pbs.twimg.com/profile_images/1980294624/DJT_Headshot_V2_normal.jpg,18604521,42,http://twitter.com/realDonaldTrump/statuses/816718880731234304,"{""hashtags"":[],""symbols"":[],""user_mentions"":[],""urls"":[]}"
8.17E+17,realDonaldTrump,"The Democrats, lead by head clown Chuck Schumer, know how bad ObamaCare is and what a mess they are in. Instead of working to fix it, they..",Thu Jan 05 11:57:57 +0000 2017,5/1/2017 6:57,,en,25073877,"<a href=""http://twitter.com/download/android"" rel=""nofollow"">Twitter for Android</a>",http://pbs.twimg.com/profile_images/1980294624/DJT_Headshot_V2_normal.jpg,18686787,42,http://twitter.com/realDonaldTrump/statuses/816977032433270784,"{""hashtags"":[],""symbols"":[],""user_mentions"":[],""urls"":[]}"
8.17E+17,realDonaldTrump,"...do the typical political thing and BLAME. The fact is ObamaCare was a lie from the beginning.""Keep you doctor, keep your plan!"" It is....",Thu Jan 05 12:01:33 +0000 2017,5/1/2017 7:01,,en,25073877,"<a href=""http://twitter.com/download/android"" rel=""nofollow"">Twitter for Android</a>",http://pbs.twimg.com/profile_images/1980294624/DJT_Headshot_V2_normal.jpg,18686787,42,http://twitter.com/realDonaldTrump/statuses/816977937731878912,"{""hashtags"":[],""symbols"":[],""user_mentions"":[],""urls"":[]}"
8.17E+17,realDonaldTrump,...time for Republicans &amp; Democrats to get together and come up with a healthcare plan that really works - much less expensive &amp; FAR BETTER!,Thu Jan 05 12:06:42 +0000 2017,5/1/2017 7:06,,en,25073877,"<a href=""http://twitter.com/download/android"" rel=""nofollow"">Twitter for Android</a>",http://pbs.twimg.com/profile_images/1980294624/DJT_Headshot_V2_normal.jpg,18686787,42,http://twitter.com/realDonaldTrump/statuses/816979231217483776,"{""hashtags"":[],""symbols"":[],""user_mentions"":[],""urls"":[]}"
8.17E+17,realDonaldTrump,"The dishonest media likes saying that I am in Agreement with Julian Assange - wrong. I simply state what he states, it is for the people....",Thu Jan 05 13:25:30 +0000 2017,5/1/2017 8:25,,en,25073877,"<a href=""http://twitter.com/download/android"" rel=""nofollow"">Twitter for Android</a>",http://pbs.twimg.com/profile_images/1980294624/DJT_Headshot_V2_normal.jpg,18695375,42,http://twitter.com/realDonaldTrump/statuses/816999062562107392,"{""hashtags"":[],""symbols"":[],""user_mentions"":[],""urls"":[]}"
8.17E+17,realDonaldTrump,"to make up their own minds as to the truth. The media lies to make it look like I am against ""Intelligence"" when in fact I am a big fan!",Thu Jan 05 13:45:57 +0000 2017,5/1/2017 8:45,,en,25073877,"<a href=""http://twitter.com/download/android"" rel=""nofollow"">Twitter for Android</a>",http://pbs.twimg.com/profile_images/1980294624/DJT_Headshot_V2_normal.jpg,18695375,42,http://twitter.com/realDonaldTrump/statuses/817004210529116160,"{""hashtags"":[],""symbols"":[],""user_mentions"":[],""urls"":[]}"
8.17E+17,realDonaldTrump,"Toyota Motor said will build a new plant in Baja, Mexico, to build Corolla cars for U.S. NO WAY! Build plant in U.S. or pay big border tax.",Thu Jan 05 18:14:30 +0000 2017,5/1/2017 13:14,,en,25073877,"<a href=""http://twitter.com/download/android"" rel=""nofollow"">Twitter for Android</a>",http://pbs.twimg.com/profile_images/1980294624/DJT_Headshot_V2_normal.jpg,18714116,42,http://twitter.com/realDonaldTrump/statuses/817071792711942145,"{""hashtags"":[],""symbols"":[],""user_mentions"":[],""urls"":[]}"
8.17E+17,realDonaldTrump,"How did NBC get ""an exclusive look into the top secret report he (Obama) was presented?"" Who gave them this report and why? Politics!",Fri Jan 06 00:24:34 +0000 2017,5/1/2017 19:24,,en,25073877,"<a href=""http://twitter.com/download/android"" rel=""nofollow"">Twitter for Android</a>",http://pbs.twimg.com/profile_images/1980294624/DJT_Headshot_V2_normal.jpg,18756586,42,http://twitter.com/realDonaldTrump/statuses/817164923843280896,"{""hashtags"":[],""symbols"":[],""user_mentions"":[],""urls"":[]}"
8.17E+17,realDonaldTrump,The Democratic National Committee would not allow the FBI to study or see its computer info after it was supposedly hacked by Russia......,Fri Jan 06 00:30:15 +0000 2017,5/1/2017 19:30,,en,25073877,"<a href=""http://twitter.com/download/android"" rel=""nofollow"">Twitter for Android</a>",http://pbs.twimg.com/profile_images/1980294624/DJT_Headshot_V2_normal.jpg,18756586,42,http://twitter.com/realDonaldTrump/statuses/817166353266262016,"{""hashtags"":[],""symbols"":[],""user_mentions"":[],""urls"":[]}"
8.17E+17,realDonaldTrump,So how and why are they so sure about hacking if they never even requested an examination of the computer servers? What is going on?,Fri Jan 06 00:40:03 +0000 2017,5/1/2017 19:40,,en,25073877,"<a href=""http://twitter.com/download/android"" rel=""nofollow"">Twitter for Android</a>",http://pbs.twimg.com/profile_images/1980294624/DJT_Headshot_V2_normal.jpg,18756586,42,http://twitter.com/realDonaldTrump/statuses/817168818539757568,"{""hashtags"":[],""symbols"":[],""user_mentions"":[],""urls"":[]}"
8.17E+17,realDonaldTrump,"The dishonest media does not report that any money spent on building the Great Wall (for sake of speed), will be paid back by Mexico later!",Fri Jan 06 11:19:49 +0000 2017,6/1/2017 6:19,,en,25073877,"<a href=""http://twitter.com/download/android"" rel=""nofollow"">Twitter for Android</a>",http://pbs.twimg.com/profile_images/1980294624/DJT_Headshot_V2_normal.jpg,18798098,42,http://twitter.com/realDonaldTrump/statuses/817329823374831617,"{""hashtags"":[],""symbols"":[],""user_mentions"":[],""urls"":[]}"
8.17E+17,realDonaldTrump,Hillary and the Dems were never going to beat the PASSION of my voters. They saw what was happening in the last two weeks before the......,Fri Jan 06 11:39:35 +0000 2017,6/1/2017 6:39,,en,25073877,"<a href=""http://twitter.com/download/android"" rel=""nofollow"">Twitter for Android</a>",http://pbs.twimg.com/profile_images/1980294624/DJT_Headshot_V2_normal.jpg,18798098,42,http://twitter.com/realDonaldTrump/statuses/817334794958807042,"{""hashtags"":[],""symbols"":[],""user_mentions"":[],""urls"":[]}"
8.17E+17,realDonaldTrump,and knew they were in big trouble - which is why they cancelled their big fireworks at the last minute.THEY SAW A MOVEMENT LIKE NEVER BEFORE,Fri Jan 06 11:45:47 +0000 2017,6/1/2017 6:45,,en,25073877,"<a href=""http://twitter.com/download/android"" rel=""nofollow"">Twitter for Android</a>",http://pbs.twimg.com/profile_images/1980294624/DJT_Headshot_V2_normal.jpg,18798098,42,http://twitter.com/realDonaldTrump/statuses/817336355193753600,"{""hashtags"":[],""symbols"":[],""user_mentions"":[],""urls"":[]}"
8.17E+17,realDonaldTrump,"Hopefully, all supporters, and those who want to MAKE AMERICA GREAT AGAIN, will go to D.C. on January 20th. It will be a GREAT SHOW!",Fri Jan 06 12:05:01 +0000 2017,6/1/2017 7:05,,en,25073877,"<a href=""http://twitter.com/download/android"" rel=""nofollow"">Twitter for Android</a>",http://pbs.twimg.com/profile_images/1980294624/DJT_Headshot_V2_normal.jpg,18798098,42,http://twitter.com/realDonaldTrump/statuses/817341196251070464,"{""hashtags"":[],""symbols"":[],""user_mentions"":[],""urls"":[]}"
8.17E+17,realDonaldTrump,"Wow, the ratings are in and Arnold Schwarzenegger got ""swamped"" (or destroyed) by comparison to the ratings machine, DJT. So much for....",Fri Jan 06 12:34:37 +0000 2017,6/1/2017 7:34,,en,25073877,"<a href=""http://twitter.com/download/android"" rel=""nofollow"">Twitter for Android</a>",http://pbs.twimg.com/profile_images/1980294624/DJT_Headshot_V2_normal.jpg,18806619,42,http://twitter.com/realDonaldTrump/statuses/817348644647108609,"{""hashtags"":[],""symbols"":[],""user_mentions"":[],""urls"":[]}"
8.17E+17,realDonaldTrump,"being a movie star-and that was season 1 compared to season 14. Now compare him to my season 1. But who cares, he supported Kasich &amp; Hillary",Fri Jan 06 12:42:53 +0000 2017,6/1/2017 7:42,,en,25073877,"<a href=""http://twitter.com/download/android"" rel=""nofollow"">Twitter for Android</a>",http://pbs.twimg.com/profile_images/1980294624/DJT_Headshot_V2_normal.jpg,18806619,42,http://twitter.com/realDonaldTrump/statuses/817350726800306177,"{""hashtags"":[],""symbols"":[],""user_mentions"":[],""urls"":[]}"
8.17E+17,realDonaldTrump,"Anna Wintour came to my office at Trump Tower to ask me to meet with the editors of Conde Nast &amp; Steven Newhouse, a friend. Will go this AM.",Fri Jan 06 14:18:51 +0000 2017,6/1/2017 9:18,,en,25073877,"<a href=""http://twitter.com/download/iphone"" rel=""nofollow"">Twitter for iPhone</a>",http://pbs.twimg.com/profile_images/1980294624/DJT_Headshot_V2_normal.jpg,18822106,42,http://twitter.com/realDonaldTrump/statuses/817374875962769408,"{""hashtags"":[],""symbols"":[],""user_mentions"":[],""urls"":[]}"
8.17E+17,realDonaldTrump,I am asking the chairs of the House and Senate committees to investigate top secret intelligence shared with NBC prior to me seeing it.,Fri Jan 06 16:51:37 +0000 2017,6/1/2017 11:51,,en,25073877,"<a href=""http://twitter.com/download/iphone"" rel=""nofollow"">Twitter for iPhone</a>",http://pbs.twimg.com/profile_images/1980294624/DJT_Headshot_V2_normal.jpg,18836028,42,http://twitter.com/realDonaldTrump/statuses/817413321058029568,"{""hashtags"":[],""symbols"":[],""user_mentions"":[],""urls"":[]}"
8.17E+17,realDonaldTrump,Monitoring the terrible situation in Florida. Just spoke to Governor Scott. Thoughts and prayers for all. Stay safe!,Fri Jan 06 19:30:09 +0000 2017,6/1/2017 14:30,,en,25073877,"<a href=""http://twitter.com"" rel=""nofollow"">Twitter Web Client</a>",http://pbs.twimg.com/profile_images/1980294624/DJT_Headshot_V2_normal.jpg,18862500,42,http://twitter.com/realDonaldTrump/statuses/817453219613917185,"{""hashtags"":[],""symbols"":[],""user_mentions"":[],""urls"":[]}"
8.18E+17,realDonaldTrump,"Happy Birthday @EricTrump!https://t.co/bJaEY7qFSn",Sat Jan 07 00:07:09 +0000 2017,6/1/2017 19:07,,en,25073877,"<a href=""http://twitter.com/download/iphone"" rel=""nofollow"">Twitter for iPhone</a>",http://pbs.twimg.com/profile_images/1980294624/DJT_Headshot_V2_normal.jpg,18895220,42,http://twitter.com/realDonaldTrump/statuses/817522928862502913,"{""hashtags"":[],""symbols"":[],""user_mentions"":[{""screen_name"":""EricTrump"",""name"":""Eric Trump"",""id"":39349894,""id_str"":""39349894"",""indices"":[15,25]}],""urls"":[{""url"":""https://t.co/bJaEY7qFSn"",""expanded_url"":""https://www.facebook.com/DonaldTrump/posts/10158426170160725:0"",""display_url"":""facebook.com/DonaldTrump/poâ€_"",""indices"":[27,50]}]}"
8.18E+17,realDonaldTrump,Gross negligence by the Democratic National Committee allowed hacking to take place.The Republican National Committee had strong defense!,Sat Jan 07 03:53:38 +0000 2017,6/1/2017 22:53,,en,25073877,"<a href=""http://twitter.com/download/android"" rel=""nofollow"">Twitter for Android</a>",http://pbs.twimg.com/profile_images/1980294624/DJT_Headshot_V2_normal.jpg,18915140,42,http://twitter.com/realDonaldTrump/statuses/817579925771341825,"{""hashtags"":[],""symbols"":[],""user_mentions"":[],""urls"":[]}"
8.18E+17,realDonaldTrump,Intelligence stated very strongly there was absolutely no evidence that hacking affected the election results. Voting machines not touched!,Sat Jan 07 11:56:29 +0000 2017,7/1/2017 6:56,,en,25073877,"<a href=""http://twitter.com/download/android"" rel=""nofollow"">Twitter for Android</a>",http://pbs.twimg.com/profile_images/1980294624/DJT_Headshot_V2_normal.jpg,18939926,42,http://twitter.com/realDonaldTrump/statuses/817701436096126977,"{""hashtags"":[],""symbols"":[],""user_mentions"":[],""urls"":[]}"
8.18E+17,realDonaldTrump,Only reason the hacking of the poorly defended DNC is discussed is that the loss by the Dems was so big that they are totally embarrassed!,Sat Jan 07 12:03:31 +0000 2017,7/1/2017 7:03,,en,25073877,"<a href=""http://twitter.com/download/android"" rel=""nofollow"">Twitter for Android</a>",http://pbs.twimg.com/profile_images/1980294624/DJT_Headshot_V2_normal.jpg,18939926,42,http://twitter.com/realDonaldTrump/statuses/817703208567078913,"{""hashtags"":[],""symbols"":[],""user_mentions"":[],""urls"":[]}"
8.18E+17,realDonaldTrump,"Having a good relationship with Russia is a good thing, not a bad thing. Only ""stupid"" people, or fools, would think that it is bad! We.....",Sat Jan 07 15:02:20 +0000 2017,7/1/2017 10:02,,en,25073877,"<a href=""http://twitter.com/download/android"" rel=""nofollow"">Twitter for Android</a>",http://pbs.twimg.com/profile_images/1980294624/DJT_Headshot_V2_normal.jpg,18953644,42,http://twitter.com/realDonaldTrump/statuses/817748207694467072,"{""hashtags"":[],""symbols"":[],""user_mentions"":[],""urls"":[]}"
8.18E+17,realDonaldTrump,"have enough problems around the world without yet another one. When I am President, Russia will respect us far more than they do now and....",Sat Jan 07 15:10:46 +0000 2017,7/1/2017 10:10,,en,25073877,"<a href=""http://twitter.com/download/android"" rel=""nofollow"">Twitter for Android</a>",http://pbs.twimg.com/profile_images/1980294624/DJT_Headshot_V2_normal.jpg,18953644,42,http://twitter.com/realDonaldTrump/statuses/817750330196819968,"{""hashtags"":[],""symbols"":[],""user_mentions"":[],""urls"":[]}"
8.18E+17,realDonaldTrump,"both countries will, perhaps, work together to solve some of the many great and pressing problems and issues of the WORLD!",Sat Jan 07 15:21:42 +0000 2017,7/1/2017 10:21,,en,25073877,"<a href=""http://twitter.com/download/android"" rel=""nofollow"">Twitter for Android</a>",http://pbs.twimg.com/profile_images/1980294624/DJT_Headshot_V2_normal.jpg,18959386,42,http://twitter.com/realDonaldTrump/statuses/817753083707015168,"{""hashtags"":[],""symbols"":[],""user_mentions"":[],""urls"":[]}"
8.18E+17,realDonaldTrump,Congratulation to Jane Timken on her major upset victory in becoming the Ohio Republican Party Chair. Jane is a loyal Trump supporter &amp; star,Sat Jan 07 23:54:05 +0000 2017,7/1/2017 18:54,,en,25073877,"<a href=""http://twitter.com/download/android"" rel=""nofollow"">Twitter for Android</a>",http://pbs.twimg.com/profile_images/1980294624/DJT_Headshot_V2_normal.jpg,19002728,42,http://twitter.com/realDonaldTrump/statuses/817882028272128001,"{""hashtags"":[],""symbols"":[],""user_mentions"":[],""urls"":[]}"
8.18E+17,realDonaldTrump,"I look very much forward to meeting Prime Minister Theresa May in Washington in the Spring. Britain, a longtime U.S. ally, is very special!",Sun Jan 08 02:07:09 +0000 2017,7/1/2017 21:07,,en,25073877,"<a href=""http://twitter.com/download/android"" rel=""nofollow"">Twitter for Android</a>",http://pbs.twimg.com/profile_images/1980294624/DJT_Headshot_V2_normal.jpg,19011171,42,http://twitter.com/realDonaldTrump/statuses/817915516018892805,"{""hashtags"":[],""symbols"":[],""user_mentions"":[],""urls"":[]}"
8.18E+17,realDonaldTrump,"""@KellyannePolls: Welcome to President and Mrs. Bush.  https://t.co/I1K4nj1gVu"" Very nice!",Sun Jan 08 16:36:46 +0000 2017,8/1/2017 11:36,,en,25073877,"<a href=""http://twitter.com/download/android"" rel=""nofollow"">Twitter for Android</a>",http://pbs.twimg.com/profile_images/1980294624/DJT_Headshot_V2_normal.jpg,19065155,42,http://twitter.com/realDonaldTrump/statuses/818134360712953858,"{""hashtags"":[],""symbols"":[],""user_mentions"":[{""screen_name"":""KellyannePolls"",""name"":""Kellyanne Conway"",""id"":471672239,""id_str"":""471672239"",""indices"":[1,16]}],""urls"":[{""url"":""https://t.co/I1K4nj1gVu"",""expanded_url"":""http://thehill.com/blogs/blog-briefing-room/news/312525-george-w-bush-to-attend-trumps-inauguration#.WGvveimVlvw.twitter"",""display_url"":""thehill.com/blogs/blog-briâ€_"",""indices"":[56,79]}]}"
8.18E+17,realDonaldTrump,"""@FoxNews: ""We certainly donâ€™t want intelligence interfering with politics and we donâ€™t want politics interfeâ€_ https://t.co/bwDjEg1d7S""",Sun Jan 08 16:39:14 +0000 2017,8/1/2017 11:39,,en,25073877,"<a href=""http://twitter.com/download/android"" rel=""nofollow"">Twitter for Android</a>",http://pbs.twimg.com/profile_images/1980294624/DJT_Headshot_V2_normal.jpg,19065155,42,http://twitter.com/realDonaldTrump/statuses/818134981344165888,"{""hashtags"":[],""symbols"":[],""user_mentions"":[{""screen_name"":""FoxNews"",""name"":""Fox News"",""id"":1367531,""id_str"":""1367531"",""indices"":[1,9]}],""urls"":[{""url"":""https://t.co/bwDjEg1d7S"",""expanded_url"":""https://twitter.com/i/web/status/817542630682796033"",""display_url"":""twitter.com/i/web/status/8â€_"",""indices"":[111,134]}]}"
8.18E+17,realDonaldTrump,Kellyanne Conway went to @MeetThePress this morning for an interview with @chucktodd. Dishonest media cut out 9 of her 10 minutes. Terrible!,Sun Jan 08 16:46:07 +0000 2017,8/1/2017 11:46,,en,25073877,"<a href=""http://twitter.com/download/android"" rel=""nofollow"">Twitter for Android</a>",http://pbs.twimg.com/profile_images/1980294624/DJT_Headshot_V2_normal.jpg,19065155,42,http://twitter.com/realDonaldTrump/statuses/818136714396975104,"{""hashtags"":[],""symbols"":[],""user_mentions"":[{""screen_name"":""MeetThePress"",""name"":""Meet the Press"",""id"":11856892,""id_str"":""11856892"",""indices"":[25,38]},{""screen_name"":""chucktodd"",""name"":""Chuck Todd"",""id"":50325797,""id_str"":""50325797"",""indices"":[74,84]}],""urls"":[]}"
8.18E+17,realDonaldTrump,"RT @MeetThePress: Watch our interview with @KellyannePolls: Russia ""did not succeed"" in attempts to sway election https://t.co/EZhgUIUbYx #â€_",Sun Jan 08 16:57:46 +0000 2017,8/1/2017 11:57,,en,25073877,"<a href=""http://twitter.com/download/iphone"" rel=""nofollow"">Twitter for iPhone</a>",http://pbs.twimg.com/profile_images/1980294624/DJT_Headshot_V2_normal.jpg,19065155,42,http://twitter.com/realDonaldTrump/statuses/818139647687753733,"{""hashtags"":[],""symbols"":[],""user_mentions"":[{""screen_name"":""MeetThePress"",""name"":""Meet the Press"",""id"":11856892,""id_str"":""11856892"",""indices"":[3,16]},{""screen_name"":""KellyannePolls"",""name"":""Kellyanne Conway"",""id"":471672239,""id_str"":""471672239"",""indices"":[43,58]}],""urls"":[{""url"":""https://t.co/EZhgUIUbYx"",""expanded_url"":""http://nbcnews.to/2i5hKXT"",""display_url"":""nbcnews.to/2i5hKXT"",""indices"":[114,137]}]}"
8.18E+17,realDonaldTrump,"Before I, or anyone, saw the classified and/or highly confidential hacking intelligence report, it was leaked out to @NBCNews. So serious!",Sun Jan 08 18:56:20 +0000 2017,8/1/2017 13:56,,en,25073877,"<a href=""http://twitter.com/download/android"" rel=""nofollow"">Twitter for Android</a>",http://pbs.twimg.com/profile_images/1980294624/DJT_Headshot_V2_normal.jpg,19073382,42,http://twitter.com/realDonaldTrump/statuses/818169485169410048,"{""hashtags"":[],""symbols"":[],""user_mentions"":[{""screen_name"":""NBCNews"",""name"":""NBC News"",""id"":14173315,""id_str"":""14173315"",""indices"":[117,125]}],""urls"":[]}"
8.18E+17,realDonaldTrump,Dishonest media says Mexico won't be paying for the wall if they pay a little later so the wall can be built more quickly. Media is fake!,Mon Jan 09 04:05:31 +0000 2017,8/1/2017 23:05,,en,25073877,"<a href=""http://twitter.com/download/android"" rel=""nofollow"">Twitter for Android</a>",http://pbs.twimg.com/profile_images/1980294624/DJT_Headshot_V2_normal.jpg,19122847,42,http://twitter.com/realDonaldTrump/statuses/818307689323368448,"{""hashtags"":[],""symbols"":[],""user_mentions"":[],""urls"":[]}"
8.18E+17,realDonaldTrump,Rupert Murdoch is a great guy who likes me much better as a very successful candidate than he ever did as a very successful developer!,Mon Jan 09 11:17:40 +0000 2017,9/1/2017 6:17,,en,25073877,"<a href=""http://twitter.com/download/android"" rel=""nofollow"">Twitter for Android</a>",http://pbs.twimg.com/profile_images/1980294624/DJT_Headshot_V2_normal.jpg,19145005,42,http://twitter.com/realDonaldTrump/statuses/818416446527172608,"{""hashtags"":[],""symbols"":[],""user_mentions"":[],""urls"":[]}"
8.18E+17,realDonaldTrump,"Meryl Streep, one of the most over-rated actresses in Hollywood, doesn't know me but attacked last night at the Golden Globes. She is a.....",Mon Jan 09 11:27:50 +0000 2017,9/1/2017 6:27,,en,25073877,"<a href=""http://twitter.com/download/android"" rel=""nofollow"">Twitter for Android</a>",http://pbs.twimg.com/profile_images/1980294624/DJT_Headshot_V2_normal.jpg,19145005,42,http://twitter.com/realDonaldTrump/statuses/818419002548568064,"{""hashtags"":[],""symbols"":[],""user_mentions"":[],""urls"":[]}"
8.18E+17,realDonaldTrump,"Hillary flunky who lost big. For the 100th time, I never ""mocked"" a disabled reporter (would never do that) but simply showed him.......",Mon Jan 09 11:36:02 +0000 2017,9/1/2017 6:36,,en,25073877,"<a href=""http://twitter.com/download/android"" rel=""nofollow"">Twitter for Android</a>",http://pbs.twimg.com/profile_images/1980294624/DJT_Headshot_V2_normal.jpg,19145005,42,http://twitter.com/realDonaldTrump/statuses/818421066859167746,"{""hashtags"":[],""symbols"":[],""user_mentions"":[],""urls"":[]}"
8.18E+17,realDonaldTrump,"""groveling"" when he totally changed a 16 year old story that he had written in order to make me look bad. Just more very dishonest media!",Mon Jan 09 11:43:26 +0000 2017,9/1/2017 6:43,,en,25073877,"<a href=""http://twitter.com/download/android"" rel=""nofollow"">Twitter for Android</a>",http://pbs.twimg.com/profile_images/1980294624/DJT_Headshot_V2_normal.jpg,19145005,42,http://twitter.com/realDonaldTrump/statuses/818422930157830144,"{""hashtags"":[],""symbols"":[],""user_mentions"":[],""urls"":[]}"
8.18E+17,realDonaldTrump,"It's finally happening - Fiat Chrysler just announced plans to invest $1BILLION in Michigan and Ohio plants, adding 2000 jobs. This after...",Mon Jan 09 14:14:10 +0000 2017,9/1/2017 9:14,,en,25073877,"<a href=""http://twitter.com/download/android"" rel=""nofollow"">Twitter for Android</a>",http://pbs.twimg.com/profile_images/1980294624/DJT_Headshot_V2_normal.jpg,19165679,42,http://twitter.com/realDonaldTrump/statuses/818460862675558400,"{""hashtags"":[],""symbols"":[],""user_mentions"":[],""urls"":[]}"
8.18E+17,realDonaldTrump,Ford said last week that it will expand in Michigan and U.S. instead of building a BILLION dollar plant in Mexico. Thank you Ford &amp; Fiat C!,Mon Jan 09 14:16:34 +0000 2017,9/1/2017 9:16,,en,25073877,"<a href=""http://twitter.com/download/android"" rel=""nofollow"">Twitter for Android</a>",http://pbs.twimg.com/profile_images/1980294624/DJT_Headshot_V2_normal.jpg,19176936,42,http://twitter.com/realDonaldTrump/statuses/818461467766824961,"{""hashtags"":[],""symbols"":[],""user_mentions"":[],""urls"":[]}"
8.19E+17,realDonaldTrump,An old picture with Nancy and Ronald Reagan. https://t.co/8kvQ1PzPAf,Mon Jan 09 22:32:33 +0000 2017,9/1/2017 17:32,,en,25073877,"<a href=""http://twitter.com/download/iphone"" rel=""nofollow"">Twitter for iPhone</a>",http://pbs.twimg.com/profile_images/1980294624/DJT_Headshot_V2_normal.jpg,19253312,42,http://twitter.com/realDonaldTrump/statuses/818586286034485250,"{""hashtags"":[],""symbols"":[],""user_mentions"":[],""urls"":[],""media"":[{""id"":818586279470370800,""id_str"":""818586279470370816"",""indices"":[45,68],""media_url"":""http://pbs.twimg.com/media/C1wz4lXXEAAvBTI.jpg"",""media_url_https"":""https://pbs.twimg.com/media/C1wz4lXXEAAvBTI.jpg"",""url"":""https://t.co/8kvQ1PzPAf"",""display_url"":""pic.twitter.com/8kvQ1PzPAf"",""expanded_url"":""https://twitter.com/realDonaldTrump/status/818586286034485250/photo/1"",""type"":""photo"",""sizes"":{""small"":{""w"":577,""h"":680,""resize"":""fit""},""thumb"":{""w"":150,""h"":150,""resize"":""crop""},""medium"":{""w"":690,""h"":813,""resize"":""fit""},""large"":{""w"":690,""h"":813,""resize"":""fit""}}}]}"
8.19E+17,realDonaldTrump,"Thank you to all of the men and women who protect &amp; serve our communities 24/7/365! #LawEnforcementAppreciationDayâ€_ https://t.co/aqUbDipSgv",Tue Jan 10 02:20:01 +0000 2017,9/1/2017 21:20,,en,25073877,"<a href=""http://twitter.com/download/iphone"" rel=""nofollow"">Twitter for iPhone</a>",http://pbs.twimg.com/profile_images/1980294624/DJT_Headshot_V2_normal.jpg,19280663,42,http://twitter.com/realDonaldTrump/statuses/818643528905621504,"{""hashtags"":[{""text"":""LawEnforcementAppreciationDay"",""indices"":[89,119]}],""symbols"":[],""user_mentions"":[],""urls"":[{""url"":""https://t.co/aqUbDipSgv"",""expanded_url"":""https://twitter.com/i/web/status/818643528905621504"",""display_url"":""twitter.com/i/web/status/8â€_"",""indices"":[121,144]}]}"
8.19E+17,realDonaldTrump,"U.S. Small-Business Optimism Index Surges by Most Since 1980'https://t.co/X22x1BttdG",Tue Jan 10 15:26:22 +0000 2017,10/1/2017 10:26,,en,25073877,"<a href=""http://twitter.com/download/iphone"" rel=""nofollow"">Twitter for iPhone</a>",http://pbs.twimg.com/profile_images/1980294624/DJT_Headshot_V2_normal.jpg,19338255,42,http://twitter.com/realDonaldTrump/statuses/818841421364989952,"{""hashtags"":[],""symbols"":[],""user_mentions"":[],""urls"":[{""url"":""https://t.co/X22x1BttdG"",""expanded_url"":""https://www.bloomberg.com/news/articles/2017-01-10/u-s-small-business-optimism-index-surges-by-most-since-1980"",""display_url"":""bloomberg.com/news/articles/â€_"",""indices"":[63,86]}]}"
8.19E+17,realDonaldTrump,Small business optimism soars after Trump election' https://t.co/WjBaTp824U,Tue Jan 10 20:50:31 +0000 2017,10/1/2017 15:50,,en,25073877,"<a href=""http://twitter.com/download/iphone"" rel=""nofollow"">Twitter for iPhone</a>",http://pbs.twimg.com/profile_images/1980294624/DJT_Headshot_V2_normal.jpg,19359293,42,http://twitter.com/realDonaldTrump/statuses/818922995980845056,"{""hashtags"":[],""symbols"":[],""user_mentions"":[],""urls"":[{""url"":""https://t.co/WjBaTp824U"",""expanded_url"":""http://www.cnbc.com/2017/01/10/small-business-optimism-soars-after-trump-election.html"",""display_url"":""cnbc.com/2017/01/10/smaâ€_"",""indices"":[53,76]}]}"
8.19E+17,realDonaldTrump,"Trump Helps Lift Small Business Confidence to 12-Yr. High'https://t.co/MhbABREhzt https://t.co/CWAvJ4fRdx",Tue Jan 10 22:30:53 +0000 2017,10/1/2017 17:30,,en,25073877,"<a href=""http://twitter.com/download/iphone"" rel=""nofollow"">Twitter for iPhone</a>",http://pbs.twimg.com/profile_images/1980294624/DJT_Headshot_V2_normal.jpg,19367101,42,http://twitter.com/realDonaldTrump/statuses/818948254943604736,"{""hashtags"":[],""symbols"":[],""user_mentions"":[],""urls"":[{""url"":""https://t.co/MhbABREhzt"",""expanded_url"":""http://bit.ly/2j5gad2FOXBusiness"",""display_url"":""bit.ly/2j5gad2FOXBusiâ€_"",""indices"":[60,83]}],""media"":[{""id"":818948248954142700,""id_str"":""818948248954142720"",""indices"":[84,107],""media_url"":""http://pbs.twimg.com/media/C119F-xXAAAQbKj.jpg"",""media_url_https"":""https://pbs.twimg.com/media/C119F-xXAAAQbKj.jpg"",""url"":""https://t.co/CWAvJ4fRdx"",""display_url"":""pic.twitter.com/CWAvJ4fRdx"",""expanded_url"":""https://twitter.com/realDonaldTrump/status/818948254943604736/photo/1"",""type"":""photo"",""sizes"":{""thumb"":{""w"":150,""h"":150,""resize"":""crop""},""small"":{""w"":642,""h"":457,""resize"":""fit""},""large"":{""w"":642,""h"":457,""resize"":""fit""},""medium"":{""w"":642,""h"":457,""resize"":""fit""}}}]}"
8.19E+17,realDonaldTrump,FAKE NEWS - A TOTAL POLITICAL WITCH HUNT!,Wed Jan 11 01:19:23 +0000 2017,10/1/2017 20:19,,en,25073877,"<a href=""http://twitter.com/download/android"" rel=""nofollow"">Twitter for Android</a>",http://pbs.twimg.com/profile_images/1980294624/DJT_Headshot_V2_normal.jpg,19387891,42,http://twitter.com/realDonaldTrump/statuses/818990655418617856,"{""hashtags"":[],""symbols"":[],""user_mentions"":[],""urls"":[]}"
8.19E+17,realDonaldTrump,RT @MichaelCohen212: I have never been to Prague in my life. #fakenews https://t.co/CMil9Rha3D,Wed Jan 11 01:35:41 +0000 2017,10/1/2017 20:35,,en,25073877,"<a href=""http://twitter.com/download/iphone"" rel=""nofollow"">Twitter for iPhone</a>",http://pbs.twimg.com/profile_images/1980294624/DJT_Headshot_V2_normal.jpg,19387891,42,http://twitter.com/realDonaldTrump/statuses/818994757569564673,"{""hashtags"":[{""text"":""fakenews"",""indices"":[61,70]}],""symbols"":[],""user_mentions"":[{""screen_name"":""MichaelCohen212"",""name"":""Michael Cohen"",""id"":52136185,""id_str"":""52136185"",""indices"":[3,19]}],""urls"":[],""media"":[{""id"":818991269628284900,""id_str"":""818991269628284928"",""indices"":[71,94],""media_url"":""http://pbs.twimg.com/media/C12kOHRXEAAVBYv.jpg"",""media_url_https"":""https://pbs.twimg.com/media/C12kOHRXEAAVBYv.jpg"",""url"":""https://t.co/CMil9Rha3D"",""display_url"":""pic.twitter.com/CMil9Rha3D"",""expanded_url"":""https://twitter.com/MichaelCohen212/status/818991277685567489/photo/1"",""type"":""photo"",""sizes"":{""large"":{""w"":1480,""h"":2048,""resize"":""fit""},""thumb"":{""w"":150,""h"":150,""resize"":""crop""},""medium"":{""w"":867,""h"":1200,""resize"":""fit""},""small"":{""w"":491,""h"":680,""resize"":""fit""}},""source_status_id"":818991277685567500,""source_status_id_str"":""818991277685567489"",""source_user_id"":52136185,""source_user_id_str"":""52136185""}]}"
8.19E+17,realDonaldTrump,"BuzzFeed Runs Unverifiable Trump-Russia Claims' #FakeNews https://t.co/d6daCFZHNh",Wed Jan 11 02:00:11 +0000 2017,10/1/2017 21:00,,en,25073877,"<a href=""http://twitter.com/download/iphone"" rel=""nofollow"">Twitter for iPhone</a>",http://pbs.twimg.com/profile_images/1980294624/DJT_Headshot_V2_normal.jpg,19387891,42,http://twitter.com/realDonaldTrump/statuses/819000924207251456,"{""hashtags"":[{""text"":""FakeNews"",""indices"":[49,58]}],""symbols"":[],""user_mentions"":[],""urls"":[{""url"":""https://t.co/d6daCFZHNh"",""expanded_url"":""http://www.lifezette.com/polizette/buzzfeed-runs-error-laden-unverifiable-trump-russia-claim/"",""display_url"":""lifezette.com/polizette/buzzâ€_"",""indices"":[60,83]}]}"
8.19E+17,realDonaldTrump,"Russia just said the unverified report paid for by political opponents is ""A COMPLETE AND TOTAL FABRICATION, UTTER NONSENSE."" Very unfair!",Wed Jan 11 12:13:40 +0000 2017,11/1/2017 7:13,,en,25073877,"<a href=""http://twitter.com/download/android"" rel=""nofollow"">Twitter for Android</a>",http://pbs.twimg.com/profile_images/1980294624/DJT_Headshot_V2_normal.jpg,19451761,42,http://twitter.com/realDonaldTrump/statuses/819155311793700865,"{""hashtags"":[],""symbols"":[],""user_mentions"":[],""urls"":[]}"
8.19E+17,realDonaldTrump,"Russia has never tried to use leverage over me. I HAVE NOTHING TO DO WITH RUSSIA - NO DEALS, NO LOANS, NO NOTHING!",Wed Jan 11 12:31:31 +0000 2017,11/1/2017 7:31,,en,25073877,"<a href=""http://twitter.com/download/android"" rel=""nofollow"">Twitter for Android</a>",http://pbs.twimg.com/profile_images/1980294624/DJT_Headshot_V2_normal.jpg,19460782,42,http://twitter.com/realDonaldTrump/statuses/819159806489591809,"{""hashtags"":[],""symbols"":[],""user_mentions"":[],""urls"":[]}"
8.19E+17,realDonaldTrump,"I win an election easily, a great ""movement"" is verified, and crooked opponents try to belittle our victory with FAKE NEWS. A sorry state!",Wed Jan 11 12:44:05 +0000 2017,11/1/2017 7:44,,en,25073877,"<a href=""http://twitter.com/download/android"" rel=""nofollow"">Twitter for Android</a>",http://pbs.twimg.com/profile_images/1980294624/DJT_Headshot_V2_normal.jpg,19460782,42,http://twitter.com/realDonaldTrump/statuses/819162968592183298,"{""hashtags"":[],""symbols"":[],""user_mentions"":[],""urls"":[]}"
8.19E+17,realDonaldTrump,"Intelligence agencies should never have allowed this fake news to ""leak"" into the public. One last shot at me.Are we living in Nazi Germany?",Wed Jan 11 12:48:52 +0000 2017,11/1/2017 7:48,,en,25073877,"<a href=""http://twitter.com/download/android"" rel=""nofollow"">Twitter for Android</a>",http://pbs.twimg.com/profile_images/1980294624/DJT_Headshot_V2_normal.jpg,19460782,42,http://twitter.com/realDonaldTrump/statuses/819164172781060096,"{""hashtags"":[],""symbols"":[],""user_mentions"":[],""urls"":[]}"
8.19E+17,realDonaldTrump,We had a great News Conference at Trump Tower today. A couple of FAKE NEWS organizations were there but the people truly get what's going on,Thu Jan 12 04:01:38 +0000 2017,11/1/2017 23:01,,en,25073877,"<a href=""http://twitter.com/download/android"" rel=""nofollow"">Twitter for Android</a>",http://pbs.twimg.com/profile_images/1980294624/DJT_Headshot_V2_normal.jpg,19579031,42,http://twitter.com/realDonaldTrump/statuses/819393877174087682,"{""hashtags"":[],""symbols"":[],""user_mentions"":[],""urls"":[]}"
8.19E+17,realDonaldTrump,"""@zhu_amy3: @realDonaldTrump It's Morning in America again!!!  â˜€ï¸èâ˜€ï¸èâ˜€ï¸èThank you President-Elect Donald Trump!!! So proud of you!!!!"" THANKS!",Thu Jan 12 04:24:52 +0000 2017,11/1/2017 23:24,,en,25073877,"<a href=""http://twitter.com/download/android"" rel=""nofollow"">Twitter for Android</a>",http://pbs.twimg.com/profile_images/1980294624/DJT_Headshot_V2_normal.jpg,19583301,42,http://twitter.com/realDonaldTrump/statuses/819399723924803585,"{""hashtags"":[],""symbols"":[],""user_mentions"":[{""screen_name"":""zhu_amy3"",""name"":""Amy Jeanne Zhu"",""id"":3322438211,""id_str"":""3322438211"",""indices"":[1,10]},{""screen_name"":""realDonaldTrump"",""name"":""Donald J. Trump"",""id"":25073877,""id_str"":""25073877"",""indices"":[12,28]}],""urls"":[]}"
8.20E+17,realDonaldTrump,"James Clapper called me yesterday to denounce the false and fictitious report that was illegally circulated. Made up, phony facts.Too bad!",Thu Jan 12 12:23:45 +0000 2017,12/1/2017 7:23,,en,25073877,"<a href=""http://twitter.com/download/android"" rel=""nofollow"">Twitter for Android</a>",http://pbs.twimg.com/profile_images/1980294624/DJT_Headshot_V2_normal.jpg,19618567,42,http://twitter.com/realDonaldTrump/statuses/819520238446411777,"{""hashtags"":[],""symbols"":[],""user_mentions"":[],""urls"":[]}"
8.20E+17,realDonaldTrump,Thank you to Linda Bean of L.L.Bean for your great support and courage. People will support you even more now. Buy L.L.Bean. @LBPerfectMaine,Thu Jan 12 13:50:13 +0000 2017,12/1/2017 8:50,,en,25073877,"<a href=""http://twitter.com/download/android"" rel=""nofollow"">Twitter for Android</a>",http://pbs.twimg.com/profile_images/1980294624/DJT_Headshot_V2_normal.jpg,19624477,42,http://twitter.com/realDonaldTrump/statuses/819541997325316096,"{""hashtags"":[],""symbols"":[],""user_mentions"":[{""screen_name"":""LBPerfectMaine"",""name"":""Linda Bean"",""id"":478309266,""id_str"":""478309266"",""indices"":[125,140]}],""urls"":[]}"
8.20E+17,realDonaldTrump,.@CNN is in a total meltdown with their FAKE NEWS because their ratings are tanking since election and their credibility will soon be gone!,Thu Jan 12 14:22:21 +0000 2017,12/1/2017 9:22,,en,25073877,"<a href=""http://twitter.com/download/android"" rel=""nofollow"">Twitter for Android</a>",http://pbs.twimg.com/profile_images/1980294624/DJT_Headshot_V2_normal.jpg,19631308,42,http://twitter.com/realDonaldTrump/statuses/819550083742109696,"{""hashtags"":[],""symbols"":[],""user_mentions"":[{""screen_name"":""CNN"",""name"":""CNN"",""id"":759251,""id_str"":""759251"",""indices"":[1,5]}],""urls"":[]}"
8.20E+17,realDonaldTrump,Congrats to the Senate for taking the first step to #RepealObamacare- now it's onto the House!,Thu Jan 12 17:41:11 +0000 2017,12/1/2017 12:41,,en,25073877,"<a href=""http://twitter.com/download/iphone"" rel=""nofollow"">Twitter for iPhone</a>",http://pbs.twimg.com/profile_images/1980294624/DJT_Headshot_V2_normal.jpg,19648388,42,http://twitter.com/realDonaldTrump/statuses/819600124133474307,"{""hashtags"":[{""text"":""RepealObamacare"",""indices"":[52,68]}],""symbols"":[],""user_mentions"":[],""urls"":[]}"
8.20E+17,realDonaldTrump,"All of my Cabinet nominee are looking good and doing a great job. I want them to be themselves and express their own thoughts, not mine!",Fri Jan 13 10:49:34 +0000 2017,13/01/2017 05:49,,en,25073877,"<a href=""http://twitter.com/download/android"" rel=""nofollow"">Twitter for Android</a>",http://pbs.twimg.com/profile_images/1980294624/DJT_Headshot_V2_normal.jpg,19711702,42,http://twitter.com/realDonaldTrump/statuses/819858926455967744,"{""hashtags"":[],""symbols"":[],""user_mentions"":[],""urls"":[]}"
8.20E+17,realDonaldTrump,It now turns out that the phony allegations against me were put together by my political opponents and a failed spy afraid of being sued....,Fri Jan 13 11:05:55 +0000 2017,13/01/2017 06:05,,en,25073877,"<a href=""http://twitter.com/download/android"" rel=""nofollow"">Twitter for Android</a>",http://pbs.twimg.com/profile_images/1980294624/DJT_Headshot_V2_normal.jpg,19711702,42,http://twitter.com/realDonaldTrump/statuses/819863039902097408,"{""hashtags"":[],""symbols"":[],""user_mentions"":[],""urls"":[]}"
8.20E+17,realDonaldTrump,"Totally made up facts by sleazebag political operatives, both Democrats and Republicans - FAKE NEWS! Russia says nothing exists. Probably...",Fri Jan 13 11:11:13 +0000 2017,13/01/2017 06:11,,en,25073877,"<a href=""http://twitter.com/download/android"" rel=""nofollow"">Twitter for Android</a>",http://pbs.twimg.com/profile_images/1980294624/DJT_Headshot_V2_normal.jpg,19711702,42,http://twitter.com/realDonaldTrump/statuses/819864373988573184,"{""hashtags"":[],""symbols"":[],""user_mentions"":[],""urls"":[]}"
8.20E+17,realDonaldTrump,"released by ""Intelligence"" even knowing there is no proof, and never will be. My people will have a full report on hacking within 90 days!",Fri Jan 13 11:16:54 +0000 2017,13/01/2017 06:16,,en,25073877,"<a href=""http://twitter.com/download/android"" rel=""nofollow"">Twitter for Android</a>",http://pbs.twimg.com/profile_images/1980294624/DJT_Headshot_V2_normal.jpg,19714661,42,http://twitter.com/realDonaldTrump/statuses/819865802849587200,"{""hashtags"":[],""symbols"":[],""user_mentions"":[],""urls"":[]}"
8.20E+17,realDonaldTrump,What are Hillary Clinton's people complaining about with respect to the F.B.I. Based on the information they had she should never.....,Fri Jan 13 11:22:38 +0000 2017,13/01/2017 06:22,,en,25073877,"<a href=""http://twitter.com/download/android"" rel=""nofollow"">Twitter for Android</a>",http://pbs.twimg.com/profile_images/1980294624/DJT_Headshot_V2_normal.jpg,19714661,42,http://twitter.com/realDonaldTrump/statuses/819867246352801792,"{""hashtags"":[],""symbols"":[],""user_mentions"":[],""urls"":[]}"
8.20E+17,realDonaldTrump,have been allowed to run - guilty as hell. They were VERY nice to her. She lost because she campaigned in the wrong states - no enthusiasm!,Fri Jan 13 11:25:54 +0000 2017,13/01/2017 06:25,,en,25073877,"<a href=""http://twitter.com/download/android"" rel=""nofollow"">Twitter for Android</a>",http://pbs.twimg.com/profile_images/1980294624/DJT_Headshot_V2_normal.jpg,19714661,42,http://twitter.com/realDonaldTrump/statuses/819868066364461058,"{""hashtags"":[],""symbols"":[],""user_mentions"":[],""urls"":[]}"
8.20E+17,realDonaldTrump,"The ""Unaffordable"" Care Act will soon be history!",Fri Jan 13 11:33:24 +0000 2017,13/01/2017 06:33,,en,25073877,"<a href=""http://twitter.com/download/android"" rel=""nofollow"">Twitter for Android</a>",http://pbs.twimg.com/profile_images/1980294624/DJT_Headshot_V2_normal.jpg,19714661,42,http://twitter.com/realDonaldTrump/statuses/819869953692155904,"{""hashtags"":[],""symbols"":[],""user_mentions"":[],""urls"":[]}"
8.20E+17,realDonaldTrump,"A beautiful funeral today for a real NYC hero, Detective Steven McDonald. Our law enforcement community has my complete and total support.",Fri Jan 13 17:42:42 +0000 2017,13/01/2017 12:42,,en,25073877,"<a href=""http://twitter.com"" rel=""nofollow"">Twitter Web Client</a>",http://pbs.twimg.com/profile_images/1980294624/DJT_Headshot_V2_normal.jpg,19742485,42,http://twitter.com/realDonaldTrump/statuses/819962894616064001,"{""hashtags"":[],""symbols"":[],""user_mentions"":[],""urls"":[]}"
8.20E+17,realDonaldTrump,"Congressman John Lewis should spend more time on fixing and helping his district, which is in horrible shape and falling apart (not to......",Sat Jan 14 12:50:26 +0000 2017,14/01/2017 07:50,,en,25073877,"<a href=""http://twitter.com/download/android"" rel=""nofollow"">Twitter for Android</a>",http://pbs.twimg.com/profile_images/1980294624/DJT_Headshot_V2_normal.jpg,19806533,42,http://twitter.com/realDonaldTrump/statuses/820251730407473153,"{""hashtags"":[],""symbols"":[],""user_mentions"":[],""urls"":[]}"
8.20E+17,realDonaldTrump,"mention crime infested) rather than falsely complaining about the election results. All talk, talk, talk - no action or results. Sad!",Sat Jan 14 13:07:12 +0000 2017,14/01/2017 08:07,,en,25073877,"<a href=""http://twitter.com/download/android"" rel=""nofollow"">Twitter for Android</a>",http://pbs.twimg.com/profile_images/1980294624/DJT_Headshot_V2_normal.jpg,19806533,42,http://twitter.com/realDonaldTrump/statuses/820255947956383744,"{""hashtags"":[],""symbols"":[],""user_mentions"":[],""urls"":[]}"
8.20E+17,realDonaldTrump,"INTELLIGENCE INSIDERS NOW CLAIM THE TRUMP DOSSIER IS ""A COMPLETE FRAUD!""  @OANN",Sat Jan 14 13:14:13 +0000 2017,14/01/2017 08:14,,en,25073877,"<a href=""http://twitter.com/download/android"" rel=""nofollow"">Twitter for Android</a>",http://pbs.twimg.com/profile_images/1980294624/DJT_Headshot_V2_normal.jpg,19806533,42,http://twitter.com/realDonaldTrump/statuses/820257714362314753,"{""hashtags"":[],""symbols"":[],""user_mentions"":[{""screen_name"":""OANN"",""name"":""One America News"",""id"":1209936918,""id_str"":""1209936918"",""indices"":[74,79]}],""urls"":[]}"
8.20E+17,realDonaldTrump,Congressman John Lewis should finally focus on the burning and crime infested inner-cities of the U.S. I can use all the help I can get!,Sun Jan 15 00:22:01 +0000 2017,14/01/2017 19:22,,en,25073877,"<a href=""http://twitter.com/download/android"" rel=""nofollow"">Twitter for Android</a>",http://pbs.twimg.com/profile_images/1980294624/DJT_Headshot_V2_normal.jpg,19862458,42,http://twitter.com/realDonaldTrump/statuses/820425770925338624,"{""hashtags"":[],""symbols"":[],""user_mentions"":[],""urls"":[]}"
8.20E+17,realDonaldTrump,"Inauguration Day is turning out to be even bigger than expected. January 20th, Washington D.C. Have fun!",Sun Jan 15 01:58:57 +0000 2017,14/01/2017 20:58,,en,25073877,"<a href=""http://twitter.com/download/android"" rel=""nofollow"">Twitter for Android</a>",http://pbs.twimg.com/profile_images/1980294624/DJT_Headshot_V2_normal.jpg,19866370,42,http://twitter.com/realDonaldTrump/statuses/820450166331346944,"{""hashtags"":[],""symbols"":[],""user_mentions"":[],""urls"":[]}"
8.21E+17,realDonaldTrump,"The Democrats are most angry that so many Obama Democrats voted for me. With all of the jobs I am bringing back to our Nation, that number..",Sun Jan 15 13:59:29 +0000 2017,15/01/2017 08:59,,en,25073877,"<a href=""http://twitter.com/download/android"" rel=""nofollow"">Twitter for Android</a>",http://pbs.twimg.com/profile_images/1980294624/DJT_Headshot_V2_normal.jpg,19906345,42,http://twitter.com/realDonaldTrump/statuses/820631495660408835,"{""hashtags"":[],""symbols"":[],""user_mentions"":[],""urls"":[]}"
8.21E+17,realDonaldTrump,"will only get higher. Car companies and others, if they want to do business in our country, have to start making things here again. WIN!",Sun Jan 15 14:02:41 +0000 2017,15/01/2017 09:02,,en,25073877,"<a href=""http://twitter.com/download/android"" rel=""nofollow"">Twitter for Android</a>",http://pbs.twimg.com/profile_images/1980294624/DJT_Headshot_V2_normal.jpg,19906345,42,http://twitter.com/realDonaldTrump/statuses/820632299037409280,"{""hashtags"":[],""symbols"":[],""user_mentions"":[],""urls"":[]}"
8.21E+17,realDonaldTrump,"For many years our country has been divided, angry and untrusting. Many say it will never change, the hatred is too deep. IT WILL CHANGE!!!!",Sun Jan 15 19:00:21 +0000 2017,15/01/2017 14:00,,en,25073877,"<a href=""http://twitter.com/download/android"" rel=""nofollow"">Twitter for Android</a>",http://pbs.twimg.com/profile_images/1980294624/DJT_Headshot_V2_normal.jpg,19932039,42,http://twitter.com/realDonaldTrump/statuses/820707210565132288,"{""hashtags"":[],""symbols"":[],""user_mentions"":[],""urls"":[]}"
8.21E+17,realDonaldTrump,"Thank you to Bob Woodward who said, ""That is a garbage document...it never should have been presented...Trump's right to be upset (angry)...",Sun Jan 15 20:04:38 +0000 2017,15/01/2017 15:04,,en,25073877,"<a href=""http://twitter.com/download/android"" rel=""nofollow"">Twitter for Android</a>",http://pbs.twimg.com/profile_images/1980294624/DJT_Headshot_V2_normal.jpg,19936275,42,http://twitter.com/realDonaldTrump/statuses/820723387995717632,"{""hashtags"":[],""symbols"":[],""user_mentions"":[],""urls"":[]}"
8.21E+17,realDonaldTrump,"about that...Those Intelligence chiefs made a mistake here, &amp; when people make mistakes, they should APOLOGIZE."" Media should also apologize",Sun Jan 15 20:13:00 +0000 2017,15/01/2017 15:13,,en,25073877,"<a href=""http://twitter.com/download/android"" rel=""nofollow"">Twitter for Android</a>",http://pbs.twimg.com/profile_images/1980294624/DJT_Headshot_V2_normal.jpg,19936275,42,http://twitter.com/realDonaldTrump/statuses/820725491812487170,"{""hashtags"":[],""symbols"":[],""user_mentions"":[],""urls"":[]}"
8.21E+17,realDonaldTrump,".@NBCNews is bad but Saturday Night Live is the worst of NBC. Not funny, cast is terrible, always a complete hit job. Really bad television!",Sun Jan 15 22:46:33 +0000 2017,15/01/2017 17:46,,en,25073877,"<a href=""http://twitter.com/download/android"" rel=""nofollow"">Twitter for Android</a>",http://pbs.twimg.com/profile_images/1980294624/DJT_Headshot_V2_normal.jpg,19951140,42,http://twitter.com/realDonaldTrump/statuses/820764134857969666,"{""hashtags"":[],""symbols"":[],""user_mentions"":[{""screen_name"":""NBCNews"",""name"":""NBC News"",""id"":14173315,""id_str"":""14173315"",""indices"":[1,9]}],""urls"":[]}"
8.21E+17,realDonaldTrump,".@FoxNews ""Outgoing CIA Chief, John Brennan, blasts Pres-Elect Trump on Russia threat. Does not fully understand."" Oh really, couldn't do...",Mon Jan 16 00:16:20 +0000 2017,15/01/2017 19:16,,en,25073877,"<a href=""http://twitter.com/download/android"" rel=""nofollow"">Twitter for Android</a>",http://pbs.twimg.com/profile_images/1980294624/DJT_Headshot_V2_normal.jpg,19961205,42,http://twitter.com/realDonaldTrump/statuses/820786730257285120,"{""hashtags"":[],""symbols"":[],""user_mentions"":[{""screen_name"":""FoxNews"",""name"":""Fox News"",""id"":1367531,""id_str"":""1367531"",""indices"":[1,9]}],""urls"":[]}"
8.21E+17,realDonaldTrump,"much worse - just look at Syria (red line), Crimea, Ukraine and the build-up of Russian nukes. Not good! Was this the leaker of Fake News?",Mon Jan 16 00:29:05 +0000 2017,15/01/2017 19:29,,en,25073877,"<a href=""http://twitter.com/download/android"" rel=""nofollow"">Twitter for Android</a>",http://pbs.twimg.com/profile_images/1980294624/DJT_Headshot_V2_normal.jpg,19961205,42,http://twitter.com/realDonaldTrump/statuses/820789938887294977,"{""hashtags"":[],""symbols"":[],""user_mentions"":[],""urls"":[]}"
8.21E+17,realDonaldTrump,Celebrate Martin Luther King Day and all of the many wonderful things that he stood for. Honor him for being the great man that he was!,Mon Jan 16 13:54:52 +0000 2017,16/01/2017 08:54,,en,25073877,"<a href=""http://twitter.com/download/android"" rel=""nofollow"">Twitter for Android</a>",http://pbs.twimg.com/profile_images/1980294624/DJT_Headshot_V2_normal.jpg,20010885,42,http://twitter.com/realDonaldTrump/statuses/820992721120854016,"{""hashtags"":[],""symbols"":[],""user_mentions"":[],""urls"":[]}"
8.21E+17,realDonaldTrump,"""@levisteveholt: @realDonaldTrump I appreciate your use of Twitter to keep us informed and maintain transparency."" Very dishonest media!",Tue Jan 17 01:42:18 +0000 2017,16/01/2017 20:42,,en,25073877,"<a href=""http://twitter.com/download/android"" rel=""nofollow"">Twitter for Android</a>",http://pbs.twimg.com/profile_images/1980294624/DJT_Headshot_V2_normal.jpg,20078758,42,http://twitter.com/realDonaldTrump/statuses/821170750983995392,"{""hashtags"":[],""symbols"":[],""user_mentions"":[{""screen_name"":""levisteveholt"",""name"":""Steve Holt"",""id"":279797686,""id_str"":""279797686"",""indices"":[1,15]},{""screen_name"":""realDonaldTrump"",""name"":""Donald J. Trump"",""id"":25073877,""id_str"":""25073877"",""indices"":[17,33]}],""urls"":[]}"
8.21E+17,realDonaldTrump,"At 9:00 P.M. @CNN, of all places, is doing a Special Report on my daughter, Ivanka. Considering it is CNN, can't imagine it will be great!",Tue Jan 17 01:49:38 +0000 2017,16/01/2017 20:49,,en,25073877,"<a href=""http://twitter.com/download/android"" rel=""nofollow"">Twitter for Android</a>",http://pbs.twimg.com/profile_images/1980294624/DJT_Headshot_V2_normal.jpg,20078758,42,http://twitter.com/realDonaldTrump/statuses/821172595869577220,"{""hashtags"":[],""symbols"":[],""user_mentions"":[{""screen_name"":""CNN"",""name"":""CNN"",""id"":759251,""id_str"":""759251"",""indices"":[13,17]}],""urls"":[]}"
8.21E+17,realDonaldTrump,"""@drgoodspine: @realDonaldTrump @Ivanka Trump is great, a woman with real character and class.""",Tue Jan 17 02:08:21 +0000 2017,16/01/2017 21:08,,en,25073877,"<a href=""http://twitter.com/download/android"" rel=""nofollow"">Twitter for Android</a>",http://pbs.twimg.com/profile_images/1980294624/DJT_Headshot_V2_normal.jpg,20078758,42,http://twitter.com/realDonaldTrump/statuses/821177307708661761,"{""hashtags"":[],""symbols"":[],""user_mentions"":[{""screen_name"":""drgoodspine"",""name"":""LAWRENCE GOODSTEIN"",""id"":27097922,""id_str"":""27097922"",""indices"":[1,13]},{""screen_name"":""realDonaldTrump"",""name"":""Donald J. Trump"",""id"":25073877,""id_str"":""25073877"",""indices"":[15,31]},{""screen_name"":""ivanka"",""name"":""Ivanka Majic"",""id"":726513,""id_str"":""726513"",""indices"":[32,39]}],""urls"":[]}"
8.21E+17,realDonaldTrump,"People are pouring into Washington in record numbers. Bikers for Trump are on their way. It will be a great Thursday, Friday and Saturday!",Tue Jan 17 13:05:10 +0000 2017,17/01/2017 08:05,,en,25073877,"<a href=""http://twitter.com/download/android"" rel=""nofollow"">Twitter for Android</a>",http://pbs.twimg.com/profile_images/1980294624/DJT_Headshot_V2_normal.jpg,20119679,42,http://twitter.com/realDonaldTrump/statuses/821342600322043905,"{""hashtags"":[],""symbols"":[],""user_mentions"":[],""urls"":[]}"
8.21E+17,realDonaldTrump,"The same people who did the phony election polls, and were so wrong, are now doing approval rating polls. They are rigged just like before.",Tue Jan 17 13:11:56 +0000 2017,17/01/2017 08:11,,en,25073877,"<a href=""http://twitter.com/download/android"" rel=""nofollow"">Twitter for Android</a>",http://pbs.twimg.com/profile_images/1980294624/DJT_Headshot_V2_normal.jpg,20119679,42,http://twitter.com/realDonaldTrump/statuses/821344302651555840,"{""hashtags"":[],""symbols"":[],""user_mentions"":[],""urls"":[]}"
8.21E+17,realDonaldTrump,"With all of the jobs I am bringing back into the U.S. (even before taking office), with all of the new auto plants coming back into our.....",Tue Jan 17 14:30:19 +0000 2017,17/01/2017 09:30,,en,25073877,"<a href=""http://twitter.com/download/android"" rel=""nofollow"">Twitter for Android</a>",http://pbs.twimg.com/profile_images/1980294624/DJT_Headshot_V2_normal.jpg,20130420,42,http://twitter.com/realDonaldTrump/statuses/821364027506966532,"{""hashtags"":[],""symbols"":[],""user_mentions"":[],""urls"":[]}"
8.21E+17,realDonaldTrump,"country and with the massive cost reductions I have negotiated on military purchases and more, I believe the people are seeing ""big stuff.""",Tue Jan 17 14:36:26 +0000 2017,17/01/2017 09:36,,en,25073877,"<a href=""http://twitter.com/download/android"" rel=""nofollow"">Twitter for Android</a>",http://pbs.twimg.com/profile_images/1980294624/DJT_Headshot_V2_normal.jpg,20130420,42,http://twitter.com/realDonaldTrump/statuses/821365569366671360,"{""hashtags"":[],""symbols"":[],""user_mentions"":[],""urls"":[]}"
8.21E+17,realDonaldTrump,"John Lewis said about my inauguration, ""It will be the first one that I've missed."" WRONG (or lie)! He boycotted Bush 43 also because he...",Tue Jan 17 14:46:27 +0000 2017,17/01/2017 09:46,,en,25073877,"<a href=""http://twitter.com/download/android"" rel=""nofollow"">Twitter for Android</a>",http://pbs.twimg.com/profile_images/1980294624/DJT_Headshot_V2_normal.jpg,20130420,42,http://twitter.com/realDonaldTrump/statuses/821368088935432196,"{""hashtags"":[],""symbols"":[],""user_mentions"":[],""urls"":[]}"
8.21E+17,realDonaldTrump,"""thought it would be hypocritical to attend Bush's swearing-in....he doesn't believe Bush is the true elected president."" Sound familiar! WP",Tue Jan 17 14:52:39 +0000 2017,17/01/2017 09:52,,en,25073877,"<a href=""http://twitter.com/download/android"" rel=""nofollow"">Twitter for Android</a>",http://pbs.twimg.com/profile_images/1980294624/DJT_Headshot_V2_normal.jpg,20130420,42,http://twitter.com/realDonaldTrump/statuses/821369651968012288,"{""hashtags"":[],""symbols"":[],""user_mentions"":[],""urls"":[]}"
8.21E+17,realDonaldTrump,"""How Trump Won--And How The Media Missed It"" https://t.co/Hfab41h65X",Tue Jan 17 17:36:45 +0000 2017,17/01/2017 12:36,,en,25073877,"<a href=""http://twitter.com"" rel=""nofollow"">Twitter Web Client</a>",http://pbs.twimg.com/profile_images/1980294624/DJT_Headshot_V2_normal.jpg,20147571,42,http://twitter.com/realDonaldTrump/statuses/821410947864653825,"{""hashtags"":[],""symbols"":[],""user_mentions"":[],""urls"":[{""url"":""https://t.co/Hfab41h65X"",""expanded_url"":""http://www.breitbart.com/big-journalism/2017/01/16/media-covered-trump-without-listening-voters/"",""display_url"":""breitbart.com/big-journalismâ€_"",""indices"":[45,68]}]}"
8.21E+17,realDonaldTrump,Thank you to General Motors and Walmart for starting the big jobs push back into the U.S.!,Tue Jan 17 17:55:38 +0000 2017,17/01/2017 12:55,,en,25073877,"<a href=""http://twitter.com"" rel=""nofollow"">Twitter Web Client</a>",http://pbs.twimg.com/profile_images/1980294624/DJT_Headshot_V2_normal.jpg,20147571,42,http://twitter.com/realDonaldTrump/statuses/821415698278875137,"{""hashtags"":[],""symbols"":[],""user_mentions"":[],""urls"":[]}"
8.21E+17,realDonaldTrump,"RT @MoskowitzEva: .@BetsyDeVos has the talent, commitment, and leadership capacity to revitalize our public schools and deliver the promiseâ€_",Tue Jan 17 19:36:21 +0000 2017,17/01/2017 14:36,,en,25073877,"<a href=""http://twitter.com"" rel=""nofollow"">Twitter Web Client</a>",http://pbs.twimg.com/profile_images/1980294624/DJT_Headshot_V2_normal.jpg,20158901,42,http://twitter.com/realDonaldTrump/statuses/821441044097224704,"{""hashtags"":[],""symbols"":[],""user_mentions"":[{""screen_name"":""MoskowitzEva"",""name"":""Eva Moskowitz"",""id"":574747315,""id_str"":""574747315"",""indices"":[3,16]},{""screen_name"":""BetsyDeVos"",""name"":""Betsy DeVos"",""id"":599530439,""id_str"":""599530439"",""indices"":[19,30]}],""urls"":[]}"
8.21E+17,realDonaldTrump,"RT @EricTrump: Thank you to @GolfDigest for this incredible feature! ""Golfer-in-Chief"" @RealDonaldTrump https://t.co/vpdY4jNbI4 https://t.câ€_",Tue Jan 17 19:58:10 +0000 2017,17/01/2017 14:58,,en,25073877,"<a href=""http://twitter.com"" rel=""nofollow"">Twitter Web Client</a>",http://pbs.twimg.com/profile_images/1980294624/DJT_Headshot_V2_normal.jpg,20158901,42,http://twitter.com/realDonaldTrump/statuses/821446536278274050,"{""hashtags"":[],""symbols"":[],""user_mentions"":[{""screen_name"":""EricTrump"",""name"":""Eric Trump"",""id"":39349894,""id_str"":""39349894"",""indices"":[3,13]},{""screen_name"":""GolfDigest"",""name"":""Golf Digest"",""id"":22146985,""id_str"":""22146985"",""indices"":[28,39]},{""screen_name"":""realDonaldTrump"",""name"":""Donald J. Trump"",""id"":25073877,""id_str"":""25073877"",""indices"":[87,103]}],""urls"":[{""url"":""https://t.co/vpdY4jNbI4"",""expanded_url"":""http://bit.ly/trumpgolfdigest"",""display_url"":""bit.ly/trumpgolfdigest"",""indices"":[104,127]}]}"
8.22E+17,realDonaldTrump,Will be interviewed by @ainsleyearhardt on @foxandfriends - Enjoy!,Wed Jan 18 11:53:24 +0000 2017,18/01/2017 06:53,,en,25073877,"<a href=""http://twitter.com/download/android"" rel=""nofollow"">Twitter for Android</a>",http://pbs.twimg.com/profile_images/1980294624/DJT_Headshot_V2_normal.jpg,20227768,42,http://twitter.com/realDonaldTrump/statuses/821686928680583169,"{""hashtags"":[],""symbols"":[],""user_mentions"":[{""screen_name"":""ainsleyearhardt"",""name"":""Ainsley Earhardt"",""id"":186646579,""id_str"":""186646579"",""indices"":[23,39]},{""screen_name"":""foxandfriends"",""name"":""FOX & friends"",""id"":15513604,""id_str"":""15513604"",""indices"":[43,57]}],""urls"":[]}"
8.22E+17,realDonaldTrump,"Totally biased @NBCNews went out of its way to say that the big announcement from Ford, G.M., Lockheed &amp; others that jobs are coming back...",Wed Jan 18 12:34:09 +0000 2017,18/01/2017 07:34,,en,25073877,"<a href=""http://twitter.com/download/android"" rel=""nofollow"">Twitter for Android</a>",http://pbs.twimg.com/profile_images/1980294624/DJT_Headshot_V2_normal.jpg,20233777,42,http://twitter.com/realDonaldTrump/statuses/821697182235496450,"{""hashtags"":[],""symbols"":[],""user_mentions"":[{""screen_name"":""NBCNews"",""name"":""NBC News"",""id"":14173315,""id_str"":""14173315"",""indices"":[15,23]}],""urls"":[]}"
8.22E+17,realDonaldTrump,"to the U.S., but had nothing to do with TRUMP, is more FAKE NEWS. Ask top CEO's of those companies for real facts. Came back because of me!",Wed Jan 18 12:44:03 +0000 2017,18/01/2017 07:44,,en,25073877,"<a href=""http://twitter.com/download/android"" rel=""nofollow"">Twitter for Android</a>",http://pbs.twimg.com/profile_images/1980294624/DJT_Headshot_V2_normal.jpg,20233777,42,http://twitter.com/realDonaldTrump/statuses/821699672687448064,"{""hashtags"":[],""symbols"":[],""user_mentions"":[],""urls"":[]}"
8.22E+17,realDonaldTrump,"""Bayer AG has pledged to add U.S. jobs and investments after meeting with President-elect Donald Trump, the latest in a string..."" @WSJ",Wed Jan 18 13:00:51 +0000 2017,18/01/2017 08:00,,en,25073877,"<a href=""http://twitter.com/download/android"" rel=""nofollow"">Twitter for Android</a>",http://pbs.twimg.com/profile_images/1980294624/DJT_Headshot_V2_normal.jpg,20233777,42,http://twitter.com/realDonaldTrump/statuses/821703902940827648,"{""hashtags"":[],""symbols"":[],""user_mentions"":[{""screen_name"":""WSJ"",""name"":""Wall Street Journal"",""id"":3108351,""id_str"":""3108351"",""indices"":[131,135]}],""urls"":[]}"
8.22E+17,realDonaldTrump,No wonder the Today Show on biased @NBC is doing so badly compared to its glorious past. Little credibility!,Wed Jan 18 13:06:58 +0000 2017,18/01/2017 08:06,,en,25073877,"<a href=""http://twitter.com/download/android"" rel=""nofollow"">Twitter for Android</a>",http://pbs.twimg.com/profile_images/1980294624/DJT_Headshot_V2_normal.jpg,20233777,42,http://twitter.com/realDonaldTrump/statuses/821705440178348033,"{""hashtags"":[],""symbols"":[],""user_mentions"":[{""screen_name"":""nbc"",""name"":""NBC"",""id"":26585095,""id_str"":""26585095"",""indices"":[35,39]}],""urls"":[]}"
8.22E+17,realDonaldTrump,.@TheAlabamaBand was great last night in D.C. playing for 147 Diplomats and Ambassadors from countries around the world. Thanks Alabama!,Wed Jan 18 14:03:53 +0000 2017,18/01/2017 09:03,,en,25073877,"<a href=""http://twitter.com/download/android"" rel=""nofollow"">Twitter for Android</a>",http://pbs.twimg.com/profile_images/1980294624/DJT_Headshot_V2_normal.jpg,20238177,42,http://twitter.com/realDonaldTrump/statuses/821719763214880769,"{""hashtags"":[],""symbols"":[],""user_mentions"":[{""screen_name"":""TheAlabamaBand"",""name"":""ALABAMA"",""id"":309132229,""id_str"":""309132229"",""indices"":[1,16]}],""urls"":[]}"
8.22E+17,realDonaldTrump,"Writing my inaugural address at the Winter White House, Mar-a-Lago, three weeks ago. Looking forward to Friday.â€_ https://t.co/J0ojOXjrga",Wed Jan 18 17:33:25 +0000 2017,18/01/2017 12:33,,en,25073877,"<a href=""http://twitter.com/download/iphone"" rel=""nofollow"">Twitter for iPhone</a>",http://pbs.twimg.com/profile_images/1980294624/DJT_Headshot_V2_normal.jpg,20256461,42,http://twitter.com/realDonaldTrump/statuses/821772494864580614,"{""hashtags"":[],""symbols"":[],""user_mentions"":[],""urls"":[{""url"":""https://t.co/J0ojOXjrga"",""expanded_url"":""https://twitter.com/i/web/status/821772494864580614"",""display_url"":""twitter.com/i/web/status/8â€_"",""indices"":[113,136]}]}"
8.22E+17,realDonaldTrump,"Looking forward to a speedy recovery for George and Barbara Bush, both hospitalized. Thank you for your wonderful letter!",Wed Jan 18 22:21:02 +0000 2017,18/01/2017 17:21,,en,25073877,"<a href=""http://twitter.com"" rel=""nofollow"">Twitter Web Client</a>",http://pbs.twimg.com/profile_images/1980294624/DJT_Headshot_V2_normal.jpg,20294138,42,http://twitter.com/realDonaldTrump/statuses/821844875268255744,"{""hashtags"":[],""symbols"":[],""user_mentions"":[],""urls"":[]}"
8.22E+17,realDonaldTrump,Great seeing @TheLeeGreenwood  and Kimberly at this evenings VP dinner! #GodBlessTheUSA https://t.co/SxVmaWvOFT,Thu Jan 19 01:54:13 +0000 2017,18/01/2017 20:54,,en,25073877,"<a href=""http://twitter.com/download/iphone"" rel=""nofollow"">Twitter for iPhone</a>",http://pbs.twimg.com/profile_images/1980294624/DJT_Headshot_V2_normal.jpg,20309769,42,http://twitter.com/realDonaldTrump/statuses/821898525432811520,"{""hashtags"":[{""text"":""GodBlessTheUSA"",""indices"":[72,87]}],""symbols"":[],""user_mentions"":[{""screen_name"":""TheLeeGreenwood"",""name"":""Lee Greenwood"",""id"":32897787,""id_str"":""32897787"",""indices"":[13,29]}],""urls"":[],""media"":[{""id"":821898518432542700,""id_str"":""821898518432542724"",""indices"":[88,111],""media_url"":""http://pbs.twimg.com/media/C2f4WRCXcAQBDiw.jpg"",""media_url_https"":""https://pbs.twimg.com/media/C2f4WRCXcAQBDiw.jpg"",""url"":""https://t.co/SxVmaWvOFT"",""display_url"":""pic.twitter.com/SxVmaWvOFT"",""expanded_url"":""https://twitter.com/realDonaldTrump/status/821898525432811520/photo/1"",""type"":""photo"",""sizes"":{""large"":{""w"":750,""h"":625,""resize"":""fit""},""small"":{""w"":680,""h"":567,""resize"":""fit""},""thumb"":{""w"":150,""h"":150,""resize"":""crop""},""medium"":{""w"":750,""h"":625,""resize"":""fit""}}}]}"
8.22E+17,realDonaldTrump,Thank you to our amazing Wounded Warriors for their service. It was an honor to be with them tonight in D.C.â€_ https://t.co/Qj5cpfaykD,Thu Jan 19 04:01:40 +0000 2017,18/01/2017 23:01,,en,25073877,"<a href=""http://twitter.com/download/iphone"" rel=""nofollow"">Twitter for iPhone</a>",http://pbs.twimg.com/profile_images/1980294624/DJT_Headshot_V2_normal.jpg,20319584,42,http://twitter.com/realDonaldTrump/statuses/821930600290521089,"{""hashtags"":[],""symbols"":[],""user_mentions"":[],""urls"":[{""url"":""https://t.co/Qj5cpfaykD"",""expanded_url"":""https://twitter.com/i/web/status/821930600290521089"",""display_url"":""twitter.com/i/web/status/8â€_"",""indices"":[110,133]}]}"
8.22E+17,realDonaldTrump,"""It wasn't Donald Trump that divided this country, this country has been divided for a long time!"" Stated today by Reverend Franklin Graham.",Thu Jan 19 12:52:22 +0000 2017,19/01/2017 07:52,,en,25073877,"<a href=""http://twitter.com/download/android"" rel=""nofollow"">Twitter for Android</a>",http://pbs.twimg.com/profile_images/1980294624/DJT_Headshot_V2_normal.jpg,20352874,42,http://twitter.com/realDonaldTrump/statuses/822064153426857984,"{""hashtags"":[],""symbols"":[],""user_mentions"":[],""urls"":[]}"
8.22E+17,realDonaldTrump,"Getting ready to leave for Washington, D.C. The journey begins and I will be working and fighting very hard to make it a great journey for..",Thu Jan 19 13:00:13 +0000 2017,19/01/2017 08:00,,en,25073877,"<a href=""http://twitter.com/download/android"" rel=""nofollow"">Twitter for Android</a>",http://pbs.twimg.com/profile_images/1980294624/DJT_Headshot_V2_normal.jpg,20352874,42,http://twitter.com/realDonaldTrump/statuses/822066132307808256,"{""hashtags"":[],""symbols"":[],""user_mentions"":[],""urls"":[]}"
8.22E+17,realDonaldTrump,"the American people. I have no doubt that we will, together, MAKE AMERICA GREAT AGAIN!",Thu Jan 19 13:02:18 +0000 2017,19/01/2017 08:02,,en,25073877,"<a href=""http://twitter.com/download/android"" rel=""nofollow"">Twitter for Android</a>",http://pbs.twimg.com/profile_images/1980294624/DJT_Headshot_V2_normal.jpg,20352874,42,http://twitter.com/realDonaldTrump/statuses/822066653953458177,"{""hashtags"":[],""symbols"":[],""user_mentions"":[],""urls"":[]}"
8.22E+17,realDonaldTrump,On my way! #Inauguration2017 https://t.co/hOuMbxGnpe,Thu Jan 19 20:13:57 +0000 2017,19/01/2017 15:13,,en,25073877,"<a href=""http://twitter.com/download/iphone"" rel=""nofollow"">Twitter for iPhone</a>",http://pbs.twimg.com/profile_images/1980294624/DJT_Headshot_V2_normal.jpg,20398758,42,http://twitter.com/realDonaldTrump/statuses/822175285151928320,"{""hashtags"":[{""text"":""Inauguration2017"",""indices"":[11,28]}],""symbols"":[],""user_mentions"":[],""urls"":[{""url"":""https://t.co/hOuMbxGnpe"",""expanded_url"":""https://twitter.com/trumpinaugural/status/822142520473829377"",""display_url"":""twitter.com/trumpinauguralâ€_"",""indices"":[29,52]}]}"
8.22E+17,realDonaldTrump,Great Concert at 4:00 P.M. today at Lincoln Memorial. Enjoy!,Thu Jan 19 20:18:32 +0000 2017,19/01/2017 15:18,,en,25073877,"<a href=""http://twitter.com/download/android"" rel=""nofollow"">Twitter for Android</a>",http://pbs.twimg.com/profile_images/1980294624/DJT_Headshot_V2_normal.jpg,20420681,42,http://twitter.com/realDonaldTrump/statuses/822176438627536897,"{""hashtags"":[],""symbols"":[],""user_mentions"":[],""urls"":[]}"
8.22E+17,realDonaldTrump,"Join me at 4pm over at the Lincoln Memorial with my family!#Inauguration2017 https://t.co/GQeQpJOgWz",Thu Jan 19 20:21:36 +0000 2017,19/01/2017 15:21,,en,25073877,"<a href=""http://twitter.com/download/iphone"" rel=""nofollow"">Twitter for iPhone</a>",http://pbs.twimg.com/profile_images/1980294624/DJT_Headshot_V2_normal.jpg,20420681,42,http://twitter.com/realDonaldTrump/statuses/822177206633955328,"{""hashtags"":[{""text"":""Inauguration2017"",""indices"":[60,77]}],""symbols"":[],""user_mentions"":[],""urls"":[{""url"":""https://t.co/GQeQpJOgWz"",""expanded_url"":""https://twitter.com/trumpinaugural/status/822161617425203203"",""display_url"":""twitter.com/trumpinauguralâ€_"",""indices"":[78,101]}]}"
8.22E+17,realDonaldTrump,"Thank you for joining us at the Lincoln Memorial tonight- a very special evening! Together, we are going to MAKE AMâ€_ https://t.co/OSxa3BamHs",Fri Jan 20 00:40:51 +0000 2017,19/01/2017 19:40,,en,25073877,"<a href=""http://twitter.com/download/iphone"" rel=""nofollow"">Twitter for iPhone</a>",http://pbs.twimg.com/profile_images/1980294624/DJT_Headshot_V2_normal.jpg,20438856,42,http://twitter.com/realDonaldTrump/statuses/822242449053614081,"{""hashtags"":[],""symbols"":[],""user_mentions"":[],""urls"":[{""url"":""https://t.co/OSxa3BamHs"",""expanded_url"":""https://twitter.com/i/web/status/822242449053614081"",""display_url"":""twitter.com/i/web/status/8â€_"",""indices"":[117,140]}]}"
8.22E+17,realDonaldTrump,"Thank you for a wonderful evening in Washington, D.C. #Inauguration https://t.co/a6xpFQTHj5",Fri Jan 20 04:24:33 +0000 2017,19/01/2017 23:24,,en,25073877,"<a href=""http://twitter.com/download/iphone"" rel=""nofollow"">Twitter for iPhone</a>",http://pbs.twimg.com/profile_images/1980294624/DJT_Headshot_V2_normal.jpg,20466299,42,http://twitter.com/realDonaldTrump/statuses/822298747421986828,"{""hashtags"":[{""text"":""Inauguration"",""indices"":[54,67]}],""symbols"":[],""user_mentions"":[],""urls"":[],""media"":[{""id"":822298738307649500,""id_str"":""822298738307649536"",""indices"":[68,91],""media_url"":""http://pbs.twimg.com/media/C2lkWIQUUAAQJVH.jpg"",""media_url_https"":""https://pbs.twimg.com/media/C2lkWIQUUAAQJVH.jpg"",""url"":""https://t.co/a6xpFQTHj5"",""display_url"":""pic.twitter.com/a6xpFQTHj5"",""expanded_url"":""https://twitter.com/realDonaldTrump/status/822298747421986828/photo/1"",""type"":""photo"",""sizes"":{""medium"":{""w"":1200,""h"":1200,""resize"":""fit""},""thumb"":{""w"":150,""h"":150,""resize"":""crop""},""large"":{""w"":1936,""h"":1936,""resize"":""fit""},""small"":{""w"":680,""h"":680,""resize"":""fit""}}}]}"
8.22E+17,realDonaldTrump,It all begins today! I will see you at 11:00 A.M. for the swearing-in. THE MOVEMENT CONTINUES - THE WORK BEGINS!,Fri Jan 20 12:31:53 +0000 2017,20/01/2017 07:31,,en,25073877,"<a href=""http://twitter.com/download/android"" rel=""nofollow"">Twitter for Android</a>",http://pbs.twimg.com/profile_images/1980294624/DJT_Headshot_V2_normal.jpg,20516369,42,http://twitter.com/realDonaldTrump/statuses/822421390125043713,"{""hashtags"":[],""symbols"":[],""user_mentions"":[],""urls"":[]}"
8.23E+17,realDonaldTrump,"Today we are not merely transferring power from one Administration to another, or from one party to another â€“ but we are transferring...",Fri Jan 20 17:51:25 +0000 2017,20/01/2017 12:51,,en,25073877,"<a href=""http://twitter.com/download/iphone"" rel=""nofollow"">Twitter for iPhone</a>",http://pbs.twimg.com/profile_images/1980294624/DJT_Headshot_V2_normal.jpg,20709348,42,http://twitter.com/realDonaldTrump/statuses/822501803615014918,"{""hashtags"":[],""symbols"":[],""user_mentions"":[],""urls"":[]}"
8.23E+17,realDonaldTrump,"power from Washington, D.C. and giving it back to you, the American People. #InaugurationDay",Fri Jan 20 17:51:58 +0000 2017,20/01/2017 12:51,,en,25073877,"<a href=""http://twitter.com/download/iphone"" rel=""nofollow"">Twitter for iPhone</a>",http://pbs.twimg.com/profile_images/1980294624/DJT_Headshot_V2_normal.jpg,20709348,42,http://twitter.com/realDonaldTrump/statuses/822501939267141634,"{""hashtags"":[{""text"":""InaugurationDay"",""indices"":[76,92]}],""symbols"":[],""user_mentions"":[],""urls"":[]}"
8.23E+17,realDonaldTrump,"What truly matters is not which party controls our government, but whether our government is controlled by the people.",Fri Jan 20 17:52:45 +0000 2017,20/01/2017 12:52,,en,25073877,"<a href=""http://twitter.com/download/iphone"" rel=""nofollow"">Twitter for iPhone</a>",http://pbs.twimg.com/profile_images/1980294624/DJT_Headshot_V2_normal.jpg,20709348,42,http://twitter.com/realDonaldTrump/statuses/822502135233384448,"{""hashtags"":[],""symbols"":[],""user_mentions"":[],""urls"":[]}"
8.23E+17,realDonaldTrump,"January 20th 2017, will be remembered as the day the people became the rulers of this nation again.",Fri Jan 20 17:53:17 +0000 2017,20/01/2017 12:53,,en,25073877,"<a href=""http://twitter.com/download/iphone"" rel=""nofollow"">Twitter for iPhone</a>",http://pbs.twimg.com/profile_images/1980294624/DJT_Headshot_V2_normal.jpg,20709348,42,http://twitter.com/realDonaldTrump/statuses/822502270503972872,"{""hashtags"":[],""symbols"":[],""user_mentions"":[],""urls"":[]}"
8.23E+17,realDonaldTrump,"The forgotten men and women of our country will be forgotten no longer. From this moment on, itâ€™s going to be #AmericaFirst_Ÿ‡º_Ÿ‡¸",Fri Jan 20 17:54:00 +0000 2017,20/01/2017 12:54,,en,25073877,"<a href=""http://twitter.com/download/iphone"" rel=""nofollow"">Twitter for iPhone</a>",http://pbs.twimg.com/profile_images/1980294624/DJT_Headshot_V2_normal.jpg,20709348,42,http://twitter.com/realDonaldTrump/statuses/822502450007515137,"{""hashtags"":[{""text"":""AmericaFirst"",""indices"":[110,123]}],""symbols"":[],""user_mentions"":[],""urls"":[]}"
8.23E+17,realDonaldTrump,We will bring back our jobs. We will bring back our borders. We will bring back our wealth - and we will bring back our dreams!,Fri Jan 20 17:54:36 +0000 2017,20/01/2017 12:54,,en,25073877,"<a href=""http://twitter.com/download/iphone"" rel=""nofollow"">Twitter for iPhone</a>",http://pbs.twimg.com/profile_images/1980294624/DJT_Headshot_V2_normal.jpg,20709348,42,http://twitter.com/realDonaldTrump/statuses/822502601304526848,"{""hashtags"":[],""symbols"":[],""user_mentions"":[],""urls"":[]}"
8.23E+17,realDonaldTrump,"We will follow two simple rules: BUY AMERICAN &amp; HIRE AMERICAN!#InaugurationDay #MAGA_Ÿ‡º_Ÿ‡¸",Fri Jan 20 17:55:44 +0000 2017,20/01/2017 12:55,,en,25073877,"<a href=""http://twitter.com/download/iphone"" rel=""nofollow"">Twitter for iPhone</a>",http://pbs.twimg.com/profile_images/1980294624/DJT_Headshot_V2_normal.jpg,20709348,42,http://twitter.com/realDonaldTrump/statuses/822502887477673984,"{""hashtags"":[{""text"":""InaugurationDay"",""indices"":[67,83]},{""text"":""MAGA"",""indices"":[84,89]}],""symbols"":[],""user_mentions"":[],""urls"":[]}"
8.23E+17,realDonaldTrump,It is time to remember that...https://t.co/ZKyOiOor62,Fri Jan 20 17:58:24 +0000 2017,20/01/2017 12:58,,en,25073877,"<a href=""http://twitter.com/download/iphone"" rel=""nofollow"">Twitter for iPhone</a>",http://pbs.twimg.com/profile_images/1980294624/DJT_Headshot_V2_normal.jpg,20709348,42,http://twitter.com/realDonaldTrump/statuses/822503558369181697,"{""hashtags"":[],""symbols"":[],""user_mentions"":[],""urls"":[{""url"":""https://t.co/ZKyOiOor62"",""expanded_url"":""https://www.facebook.com/DonaldTrump/posts/10158510858055725"",""display_url"":""facebook.com/DonaldTrump/poâ€_"",""indices"":[30,53]}]}"
8.23E+17,realDonaldTrump,"So to all Americans, in every city near and far, small and large, from mountain to mountain...https://t.co/cZKkrGXLSi",Fri Jan 20 18:00:43 +0000 2017,20/01/2017 13:00,,en,25073877,"<a href=""http://twitter.com/download/iphone"" rel=""nofollow"">Twitter for iPhone</a>",http://pbs.twimg.com/profile_images/1980294624/DJT_Headshot_V2_normal.jpg,20709348,42,http://twitter.com/realDonaldTrump/statuses/822504142178500608,"{""hashtags"":[],""symbols"":[],""user_mentions"":[],""urls"":[{""url"":""https://t.co/cZKkrGXLSi"",""expanded_url"":""https://www.facebook.com/DonaldTrump/posts/10158510880180725"",""display_url"":""facebook.com/DonaldTrump/poâ€_"",""indices"":[94,117]}]}"
8.23E+17,realDonaldTrump,"TO ALL AMERICANS_Ÿ‡º_Ÿ‡¸https://t.co/D7Es6ie4fY",Fri Jan 20 18:13:48 +0000 2017,20/01/2017 13:13,,en,25073877,"<a href=""http://twitter.com/download/iphone"" rel=""nofollow"">Twitter for iPhone</a>",http://pbs.twimg.com/profile_images/1980294624/DJT_Headshot_V2_normal.jpg,20709348,42,http://twitter.com/realDonaldTrump/statuses/822507434396753921,"{""hashtags"":[],""symbols"":[],""user_mentions"":[],""urls"":[{""url"":""https://t.co/D7Es6ie4fY"",""expanded_url"":""https://www.facebook.com/DonaldTrump/posts/10158510987625725"",""display_url"":""facebook.com/DonaldTrump/poâ€_"",""indices"":[19,42]}]}"
8.23E+17,realDonaldTrump,"THANK YOU for another wonderful evening in Washington, D.C. TOGETHER, we will MAKE AMERICA GREAT AGAIN_Ÿ‡º_Ÿ‡¸ https://t.co/V3aoj9RUh4",Sat Jan 21 04:56:15 +0000 2017,20/01/2017 23:56,,en,25073877,"<a href=""http://twitter.com/download/iphone"" rel=""nofollow"">Twitter for iPhone</a>",http://pbs.twimg.com/profile_images/1980294624/DJT_Headshot_V2_normal.jpg,20927914,41,http://twitter.com/realDonaldTrump/statuses/822669114237943808,"{""hashtags"":[],""symbols"":[],""user_mentions"":[],""urls"":[],""media"":[{""id"":822668655792001000,""id_str"":""822668655792001024"",""indices"":[105,128],""media_url"":""http://pbs.twimg.com/ext_tw_video_thumb/822668655792001024/pu/img/XoJSHkiN5j6abtqG.jpg"",""media_url_https"":""https://pbs.twimg.com/ext_tw_video_thumb/822668655792001024/pu/img/XoJSHkiN5j6abtqG.jpg"",""url"":""https://t.co/V3aoj9RUh4"",""display_url"":""pic.twitter.com/V3aoj9RUh4"",""expanded_url"":""https://twitter.com/realDonaldTrump/status/822669114237943808/video/1"",""type"":""photo"",""sizes"":{""thumb"":{""w"":150,""h"":150,""resize"":""crop""},""medium"":{""w"":600,""h"":338,""resize"":""fit""},""small"":{""w"":340,""h"":191,""resize"":""fit""},""large"":{""w"":640,""h"":360,""resize"":""fit""}}}]}"
8.23E+17,realDonaldTrump,A fantastic day and evening in Washington D.C.Thank you to @FoxNews and so many other news outlets for the GREAT reviews of the speech!,Sat Jan 21 11:53:41 +0000 2017,21/01/2017 06:53,,en,25073877,"<a href=""http://twitter.com/download/android"" rel=""nofollow"">Twitter for Android</a>",http://pbs.twimg.com/profile_images/1980294624/DJT_Headshot_V2_normal.jpg,20998148,41,http://twitter.com/realDonaldTrump/statuses/822774162011910144,"{""hashtags"":[],""symbols"":[],""user_mentions"":[{""screen_name"":""FoxNews"",""name"":""Fox News"",""id"":1367531,""id_str"":""1367531"",""indices"":[59,67]}],""urls"":[]}"
8.23E+17,realDonaldTrump,"I am honored to serve you, the great American People, as your 45th President of the United States!",Sat Jan 21 17:09:54 +0000 2017,21/01/2017 12:09,,en,25073877,"<a href=""http://twitter.com/download/iphone"" rel=""nofollow"">Twitter for iPhone</a>",http://pbs.twimg.com/profile_images/1980294624/DJT_Headshot_V2_normal.jpg,21081724,41,http://twitter.com/realDonaldTrump/statuses/822853741040771072,"{""hashtags"":[],""symbols"":[],""user_mentions"":[],""urls"":[]}"
8.23E+17,realDonaldTrump,"RT @WhiteHouse: ""Do not allow anyone to tell you that it cannot be done. No challenge can match the HEART and FIGHT and SPIRIT of America.""â€_",Sat Jan 21 23:54:31 +0000 2017,21/01/2017 18:54,,en,25073877,"<a href=""http://twitter.com/download/iphone"" rel=""nofollow"">Twitter for iPhone</a>",http://pbs.twimg.com/profile_images/1980294624/DJT_Headshot_V2_normal.jpg,21187869,41,http://twitter.com/realDonaldTrump/statuses/822955565949272065,"{""hashtags"":[],""symbols"":[],""user_mentions"":[{""screen_name"":""WhiteHouse"",""name"":""The White House"",""id"":822215673812119600,""id_str"":""822215673812119553"",""indices"":[3,14]}],""urls"":[]}"
